RegionName,Customer,OrderCount
Central,Steve Chapman,7
Central,Matt Abelman,6
Central,Darren Powers,5
Central,Ken Brennan,5
Central,Rick Bensley,5
Central,Ken Lonsdale,5
Central,Russell Applegate,5
Central,Laura Armstrong,5
Central,Brenda Bowman,5
Central,Emily Phan,5
Central,Brian Moss,5
Central,Rob Williams,5
Central,Zuschuss Carroll,5
Central,Julie Kriz,5
Central,Sam Zeldin,5
Central,Lindsay Shagiari,5
Central,Muhammed Yedwab,5
Central,Adrian Barton,5
Central,Linda Cazamias,4
Central,Pete Armstrong,4
Central,Michael Stewart,4
Central,David Smith,4
Central,Philisse Overcash,4
Central,Greg Tran,4
Central,Sylvia Foulston,4
Central,Sean Christensen,4
Central,Patrick O'Brill,4
Central,Nat Carroll,4
Central,Shirley Daniels,4
Central,Maria Etezadi,4
Central,Mick Crebagga,4
Central,Tonja Turnell,4
Central,Roy Phan,4
Central,Erin Ashbrook,4
Central,Adam Shillingsburg,4
Central,Carol Triggs,4
Central,Theone Pippenger,4
Central,Arthur Wiediger,4
Central,Harry Marie,4
Central,Chris Selesnick,4
Central,Sally Hughsby,4
Central,Sam Craven,4
Central,Helen Wasserman,4
Central,Joe Kamberova,4
Central,Pete Kriz,3
Central,Ken Black,3
Central,Steve Nguyen,3
Central,Joel Eaton,3
Central,Gary Mitchum,3
Central,Jennifer Braxton,3
Central,Jonathan Howell,3
Central,Anna Gayman,3
Central,Ken Heidel,3
Central,Troy Blackwell,3
Central,Joni Sundaresam,3
Central,Dean Braden,3
Central,Matt Connell,3
Central,Cassandra Brandow,3
Central,Tamara Dahlen,3
Central,Rob Beeghly,3
Central,Roland Fjeld,3
Central,Barry Französisch,3
Central,Bart Watters,3
Central,Ed Braxton,3
Central,Hunter Lopez,3
Central,Maribeth Schnelling,3
Central,Noel Staavos,3
Central,Lena Cacioppo,3
Central,Frank Hawley,3
Central,Chris Cortes,3
Central,Katrina Willman,3
Central,Quincy Jones,3
Central,Dan Campbell,3
Central,Nicole Hansen,3
Central,Damala Kotsonis,3
Central,Neoma Murray,3
Central,Nathan Gelder,3
Central,Victoria Brennan,3
Central,Dennis Pardue,3
Central,Aimee Bixby,3
Central,Rick Duston,3
Central,Rob Dowd,3
Central,Brad Eason,3
Central,Jill Fjeld,3
Central,Heather Kirkland,3
Central,Bill Donatelli,3
Central,Joy Smith,3
Central,Sample Company A,3
Central,Emily Ducich,3
Central,Art Ferguson,3
Central,Ivan Liston,3
Central,John Huston,3
Central,Sanjit Jacobs,3
Central,Jeremy Lonsdale,3
Central,Elizabeth Moffitt,3
Central,Frank Olsen,3
Central,Matt Collister,3
Central,Matthew Clasen,3
Central,Hunter Glantz,3
Central,Ralph Arnett,3
Central,Charles Crestani,3
Central,Michelle Tran,3
Central,Tamara Manning,3
Central,Daniel Lacy,3
Central,Richard Eichhorn,3
Central,Cynthia Voltz,3
Central,Suzanne McNair,3
Central,Pete Takahito,3
Central,Daniel Raglin,3
Central,Sarah Jordon,3
Central,Sonia Sunley,3
Central,Russell D'Ascenzo,3
Central,George Ashbrook,3
Central,Michael Moore,3
Central,Ashley Jarboe,3
Central,Mark Hamilton,3
Central,Xylona Preis,3
Central,Noah Childs,3
Central,William Brown,3
Central,Michael Kennedy,3
Central,Matthew Grinstein,3
Central,Gary Hansen,3
Central,Guy Armstrong,3
Central,Nathan Cano,3
Central,Christina VanderZanden,3
Central,Sung Pak,3
Central,Stephanie Ulpright,3
Central,Evan Bailliet,3
Central,Anna Häberlin,3
Central,Patrick Gardner,3
Central,Trudy Schmidt,3
Central,Alejandro Savely,3
Central,Arthur Gainer,3
Central,Adrian Hane,3
Central,Stephanie Phelps,3
Central,Fred McMath,3
Central,Harold Pawlan,2
Central,Gene Hale,2
Central,Odella Nelson,2
Central,Patrick O'Donnell,2
Central,Paul Stevenson,2
Central,Tracy Blumstein,2
Central,Christopher Schild,2
Central,Paul Gonzalez,2
Central,Karl Braun,2
Central,Gary Zandusky,2
Central,Clay Ludtke,2
Central,Nora Paige,2
Central,Alice McCarthy,2
Central,Logan Currie,2
Central,Dianna Wilson,2
Central,Steven Cartwright,2
Central,Guy Thornton,2
Central,Muhammed MacIntyre,2
Central,Bart Pistole,2
Central,Janet Molinari,2
Central,Natalie Fritzler,2
Central,Craig Carreira,2
Central,Sue Ann Reed,2
Central,Lynn Smith,2
Central,Bradley Drucker,2
Central,Carlos Soltero,2
Central,Nona Balk,2
Central,Christina Anderson,2
Central,Justin Deggeller,2
Central,Chuck Clark,2
Central,Tiffany House,2
Central,Meg O'Connel,2
Central,Michael Paige,2
Central,Peter Bühler,2
Central,Peter McVee,2
Central,Dave Brooks,2
Central,Bill Eplett,2
Central,Kelly Lampkin,2
Central,Greg Hansen,2
Central,Annie Thurman,2
Central,Robert Dilbeck,2
Central,Julia Dunbar,2
Central,Chad Cunningham,2
Central,Bill Tyler,2
Central,Resi Pölking,2
Central,Alex Avila,2
Central,Paul MacIntyre,2
Central,Liz Thompson,2
Central,Cathy Armstrong,2
Central,Sibella Parks,2
Central,Maurice Satty,2
Central,Bryan Mills,2
Central,Laurel Elliston,2
Central,Michael Nguyen,2
Central,Beth Paige,2
Central,Stuart Van,2
Central,John Dryer,2
Central,Neola Schneider,2
Central,Jeremy Pistek,2
Central,Michelle Moray,2
Central,Logan Haushalter,2
Central,Sara Luxemburg,2
Central,Stewart Carmichael,2
Central,Greg Guthrie,2
Central,Michael Dominguez,2
Central,Cathy Prescott,2
Central,Robert Waldorf,2
Central,Max Ludwig,2
Central,Joy Daniels,2
Central,Charlotte Melton,2
Central,Stuart Calhoun,2
Central,Mark Packer,2
Central,Henry Goldwyn,2
Central,Trudy Brown,2
Central,Richard Bierner,2
Central,Ben Ferrer,2
Central,Helen Andreada,2
Central,Sarah Foster,2
Central,Ben Peterman,2
Central,Paul Van Hugh,2
Central,Kean Thornton,2
Central,Sonia Cooley,2
Central,Luke Schmidt,2
Central,Thomas Thornton,2
Central,Chris McAfee,2
Central,Sanjit Engle,2
Central,Mick Hernandez,2
Central,Luke Foster,2
Central,Jennifer Jackson,2
Central,Mike Pelletier,2
Central,Anna Chung,2
Central,Brooke Gillingham,2
Central,Skye Norling,2
Central,Vicky Freymann,2
Central,Craig Reiter,2
Central,Katharine Harms,2
Central,Deborah Brumfield,2
Central,Corey-Lock,2
Central,Joy Bell-,2
Central,Dario Medina,2
Central,Sean Wendt,2
Central,Katherine Murray,2
Central,Tom Prescott,2
Central,Andrew Allen,2
Central,Craig Yedwab,2
Central,Kean Takahito,2
Central,Tamara Chand,2
Central,Michelle Lonsdale,2
Central,Emily Grady,2
Central,Candace McMahon,2
Central,Victoria Wilson,2
Central,Kalyca Meade,2
Central,Jason Fortune-,2
Central,Keith Herrera,2
Central,Mark Cousins,2
Central,Duane Benoit,2
Central,Henia Zydlo,2
Central,Karen Bern,2
Central,Michael Grace,2
Central,Fred Chung,2
Central,Dave Kipp,2
Central,Keith Dawkins,2
Central,Edward Nazzal,2
Central,Saphhira Shifley,2
Central,Jason Gross,2
Central,John Grady,2
Central,Darrin Martin,2
Central,Lena Creighton,2
Central,Tony Chapman,2
Central,John Stevenson,2
Central,Katrina Edelman,2
Central,Dana Kaydos,2
Central,Cari Sayre,2
Central,Steve Carroll,2
Central,Dorothy Dickinson,2
Central,Susan Gilcrest,2
Central,Vivek Grady,2
Central,Neil Französisch,2
Central,Troy Staebel,2
Central,Cindy Chapman,2
Central,Carol Adams,2
Central,Mary O'Rourke,2
Central,Lena Hernandez,2
Central,Christy Brittain,2
Central,Dennis Kane,2
Central,Steven Roelle,2
Central,Rob Lucas,2
Central,Eric Barreto,2
Central,Nathan Mautz,2
Central,Nick Radford,2
Central,Liz Preis,2
Central,Hallie Redmond,2
Central,Annie Zypern,2
Central,Cynthia Arntzen,2
Central,Bill Overfelt,2
Central,Mike Vittorini,2
Central,Yoseph Carroll,2
Central,Andrew Gjertsen,2
Central,Joe Elijah,2
Central,Tom Ashbrook,2
Central,Patrick Jones,2
Central,Claire Gute,2
Central,Todd Boyes,2
Central,Anthony Garverick,2
Central,Roger Demir,2
Central,Shahid Shariari,2
Central,Alex Russell,2
Central,Ruben Dartt,2
Central,Benjamin Farhat,2
Central,Barry Gonzalez,2
Central,Nick Zandusky,2
Central,Alex Grayson,2
Central,Sarah Brown,2
Central,Maris LaWare,2
Central,Matt Collins,2
Central,Grace Kelly,2
Central,Tracy Poddar,2
Central,Tim Brockman,2
Central,Brian Thompson,2
Central,Scott Cohen,2
Central,Bobby Trafton,2
Central,Maribeth Yedwab,2
Central,Vivek Sundaresam,2
Central,Pamela Stobb,2
Central,Chloris Kastensmidt,2
Central,Max Engle,2
Central,Victoria Pisteka,2
Central,Ross DeVincentis,2
Central,Katherine Hughes,2
Central,Mark Van Huff,2
Central,Craig Molinari,2
Central,Brosina Hoffman,2
Central,Jennifer Patt,2
Central,Luke Weiss,2
Central,Barry Pond,2
Central,Mick Brown,2
Central,Gene McClure,2
Central,Don Weiss,2
Central,Shahid Collister,2
Central,Harold Engle,2
Central,Brendan Murry,2
Central,Aaron Bergman,2
Central,Rose O'Brian,2
Central,Delfina Latchford,2
Central,Harry Greene,2
Central,Jennifer Ferguson,2
Central,Bobby Elias,2
Central,Speros Goranitis,2
Central,Ryan Crowe,2
Central,Elpida Rittenbach,1
Central,Alan Dominguez,1
Central,Philip Fox,1
Central,Sandra Glassco,1
Central,Justin Ellison,1
Central,Becky Martin,1
Central,Shirley Jackson,1
Central,David Kendrick,1
Central,Joseph Holt,1
Central,Dan Reichenbach,1
Central,Dorris liebe,1
Central,Sean Braxton,1
Central,Roy Collins,1
Central,Chad Sievert,1
Central,Carl Weiss,1
Central,Dean Katz,1
Central,Melanie Seite,1
Central,Eugene Hildebrand,1
Central,Carol Darley,1
Central,Jay Fein,1
Central,Phillina Ober,1
Central,Sung Shariari,1
Central,Debra Catini,1
Central,Benjamin Venier,1
Central,Rick Hansen,1
Central,Allen Armold,1
Central,Lisa Hazard,1
Central,Tracy Hopkins,1
Central,Ann Steele,1
Central,Toby Swindell,1
Central,Ed Ludwig,1
Central,Charles McCrossin,1
Central,Eric Hoffmann,1
Central,Scott Williamson,1
Central,Irene Maddox,1
Central,Bryan Davis,1
Central,Toby Ritter,1
Central,Bradley Nguyen,1
Central,Larry Blacks,1
Central,Cyma Kinney,1
Central,Paul Lucas,1
Central,Anthony Witt,1
Central,Bill Stewart,1
Central,Herbert Flentye,1
Central,Alejandro Ballentine,1
Central,Katherine Ducich,1
Central,Dianna Arnett,1
Central,Raymond Messe,1
Central,Jim Epp,1
Central,Thomas Boland,1
Central,Phillip Breyer,1
Central,Janet Lee,1
Central,Aaron Smayling,1
Central,Frank Atkinson,1
Central,Ralph Kennedy,1
Central,Alyssa Crouse,1
Central,Roy Französisch,1
Central,John Castell,1
Central,Dan Lawera,1
Central,Amy Cox,1
Central,Cathy Hwang,1
Central,Scot Coram,1
Central,George Bell,1
Central,Erica Hernandez,1
Central,Dianna Vittorini,1
Central,Corey Catlett,1
Central,Denny Blanton,1
Central,Carl Ludwig,1
Central,Clay Rozendal,1
Central,Mary Zewe,1
Central,Cynthia Delaney,1
Central,Valerie Mitchum,1
Central,Sean Miller,1
Central,Kelly Andreada,1
Central,Tom Boeckenhauer,1
Central,Craig Leslie,1
Central,Anne Pryor,1
Central,Michael Oakman,1
Central,Lisa DeCherney,1
Central,Raymond Buch,1
Central,Pierre Wener,1
Central,Andrew Roberts,1
Central,Max Jones,1
Central,Victor Preis,1
Central,Todd Sumrall,1
Central,Frank Gastineau,1
Central,Anthony Rawles,1
Central,Jack Lebron,1
Central,Natalie DeCherney,1
Central,David Wiener,1
Central,Laurel Beltran,1
Central,Julie Prescott,1
Central,Stefania Perrino,1
Central,Edward Becker,1
Central,Karen Daniels,1
Central,Alan Haines,1
Central,Nicole Fjeld,1
Central,Toby Braunhardt,1
Central,Cindy Schnelling,1
Central,Evan Henry,1
Central,Karen Ferguson,1
Central,Deanra Eno,1
Central,Ryan Akin,1
Central,Rob Haberlin,1
Central,Denise Monton,1
Central,Daniel Byrd,1
Central,Nick Crebassa,1
Central,Jesus Ocampo,1
Central,Brendan Sweed,1
Central,Theresa Swint,1
Central,Michelle Huthwaite,1
Central,Joel Jenkins,1
Central,Rick Huthwaite,1
Central,Rick Wilson,1
Central,Clytie Kelty,1
Central,Maxwell Schwartz,1
Central,Lycoris Saunders,1
Central,Penelope Sewall,1
Central,Beth Thompson,1
Central,Fred Harton,1
Central,Susan Pistek,1
Central,Darren Koutras,1
Central,Nora Pelletier,1
Central,Sanjit Chand,1
Central,Dionis Lloyd,1
Central,Ann Blume,1
Central,Randy Bradley,1
Central,Charles Sheldon,1
Central,Angele Hood,1
Central,Ellis Ballard,1
Central,Linda Southworth,1
Central,Kean Nguyen,1
Central,Vivian Mathis,1
Central,Ralph Ritter,1
Central,Michelle Arnett,1
Central,Barbara Fisher,1
Central,Meg Tillman,1
Central,Brian DeCherney,1
Central,Bruce Geld,1
Central,Kelly Collister,1
Central,Tony Molinari,1
Central,Emily Burns,1
Central,Dorothy Badders,1
Central,John Lee,1
Central,Dave Hallsten,1
Central,Ed Jacobs,1
Central,Susan Vittorini,1
Central,Joni Blumstein,1
Central,Christopher Martinez,1
Central,Giulietta Baptist,1
Central,Peter Fuller,1
Central,Maria Bertelson,1
Central,Amy Hunt,1
Central,Seth Vernon,1
Central,Catherine Glotzbach,1
Central,Berenike Kampe,1
Central,Helen Abelman,1
Central,Tom Stivers,1
Central,Kelly Williams,1
Central,Sharelle Roach,1
Central,Paul Prost,1
Central,Tim Taslimi,1
Central,Becky Castell,1
Central,Alan Barnes,1
Central,Jason Klamczynski,1
Central,Carlos Daly,1
Central,Erica Hackney,1
Central,Don Miller,1
Central,Shui Tom,1
Central,Dean percer,1
Central,Juliana Krohn,1
Central,Darren Budd,1
Central,Benjamin Patterson,1
Central,Roger Barcio,1
Central,Zuschuss Donatelli,1
Central,Rick Reed,1
Central,Jeremy Ellison,1
Central,Kristina Nunn,1
Central,Erica Smith,1
Central,Anne McFarland,1
Central,Chuck Magee,1
Central,Natalie Webber,1
Central,Sarah Bern,1
Central,Alan Hwang,1
Central,Neil Knudson,1
Central,Nat Gilpin,1
Central,Ross Baird,1
Central,Patrick Ryan,1
Central,Valerie Takahito,1
Central,Lela Donovan,1
Central,Andy Reiter,1
Central,Kunst Miller,1
Central,Denise Leinenbach,1
Central,Shirley Schmidt,1
Central,Lori Olson,1
Central,David Philippe,1
Central,Jack O'Briant,1
Central,Randy Ferguson,1
Central,Jill Stevenson,1
Central,Allen Rosenblatt,1
Central,Nora Preis,1
Central,Joseph Airdo,1
Central,Michelle Ellison,1
Central,Trudy Glocke,1
Central,Valerie Dominguez,1
Central,Julia West,1
Central,Michael Granlund,1
Central,Eugene Moren,1
Central,Bill Shonely,1
Central,Andy Gerbode,1
Central,Mike Gockenbach,1
Central,Tanja Norvell,1
Central,Alejandro Grove,1
Central,Ben Wallace,1
Central,Justin Ritter,1
Central,Katherine Nockton,1
Central,Parhena Norris,1
Central,Brian Stugart,1
Central,Eileen Kiefer,1
Central,Clay Cheatham,1
Central,Thomas Seio,1
Central,Doug O'Connell,1
Central,Evan Minnotte,1
Central,Edward Hooks,1
Central,Anna Andreadi,1
Central,Janet Martin,1
Central,Cyra Reiten,1
Central,John Murray,1
Central,Laurel Workman,1
Central,Michael Chen,1
Central,Olvera Toch,1
Central,Giulietta Weimer,1
Central,Sandra Flanagan,1
Central,Monica Federle,1
Central,Mark Haberlin,1
Central,Mathew Reese,1
Central,Maribeth Dona,1
Central,Adam Hart,1
Central,Brad Norvell,1
Central,Thea Hudgings,1
Central,Craig Carroll,1
Central,Erin Mull,1
Central,Bruce Stewart,1
Central,Denny Joy,1
Central,Christine Abelman,1
Central,Liz Carlisle,1
Central,David Bremer,1
Central,James Galang,1
Central,Corey Roper,1
Central,Julie Creighton,1
Central,Toby Carlisle,1
Central,Frank Carlisle,1
Central,David Flashing,1
Central,Frank Preis,1
Central,Scot Wooten,1
Central,Christopher Conant,1
Central,Cari Schnelling,1
Central,Eric Murdock,1
Central,Lisa Ryan,1
Central,Stewart Visinsky,1
Central,Maureen Gnade,1
Central,Barry Blumstein,1
Central,Roy Skaria,1
Central,Frank Merwin,1
Central,Pauline Webber,1
Central,Roland Schwarz,1
Central,Sally Matthias,1
Central,Dave Poirier,1
Central,Sung Chung,1
Central,Matt Hagelstein,1
Central,Duane Noonan,1
Central,Erin Creighton,1
Central,Adam Bellavance,1
Central,Ann Chong,1
Central,Rachel Payne,1
Central,Heather Jas,1
Central,Harold Dahlen,1
Central,Barry Franz,1
Central,Maya Herman,1
Central,Mitch Webber,1
Central,John Lucas,1
Central,Caroline Jumper,1
Central,Jeremy Farry,1
Central,Corinna Mitchell,1
East,Chloris Kastensmidt,7
East,Resi Pölking,7
East,Seth Vernon,7
East,Shahid Hopkins,7
East,Jim Kriz,6
East,Edward Hooks,6
East,Katherine Nockton,6
East,Trudy Brown,5
East,Ted Butterfield,5
East,Jonathan Doherty,5
East,Dean Katz,5
East,Michael Paige,5
East,Brian Moss,5
East,Greg Tran,5
East,Christine Sundaresam,5
East,Alan Dominguez,5
East,Shaun Chance,5
East,Maxwell Schwartz,5
East,Quincy Jones,5
East,Filia McAdams,5
East,Christy Brittain,5
East,Dan Reichenbach,5
East,Erin Ashbrook,5
East,Paul Prost,5
East,Dean percer,5
East,Suzanne McNair,5
East,Carlos Soltero,5
East,Matt Abelman,4
East,Erin Smith,4
East,Frank Gastineau,4
East,Nona Balk,4
East,Jamie Frazer,4
East,Pauline Webber,4
East,Annie Thurman,4
East,Katharine Harms,4
East,Tracy Blumstein,4
East,Mark Packer,4
East,Fred Hopkins,4
East,Maria Bertelson,4
East,Clytie Kelty,4
East,Sibella Parks,4
East,Tracy Hopkins,4
East,Christine Phan,4
East,Bryan Mills,4
East,Chuck Clark,4
East,George Bell,4
East,Adam Hart,4
East,Jessica Myrick,4
East,Claudia Bergmann,4
East,Anne Pryor,4
East,Stefania Perrino,4
East,Kean Thornton,4
East,Mick Hernandez,4
East,Pete Kriz,4
East,Karl Braun,4
East,Helen Abelman,4
East,Caroline Jumper,4
East,Maribeth Dona,4
East,Clay Ludtke,4
East,Michael Moore,4
East,John Lee,4
East,Muhammed Yedwab,4
East,Bryan Davis,4
East,Duane Benoit,4
East,Mitch Webber,4
East,Susan Vittorini,4
East,Jim Karlsson,4
East,James Galang,4
East,Charles McCrossin,4
East,Denise Monton,4
East,Julie Prescott,4
East,Eugene Barchas,4
East,Jennifer Patt,4
East,Cindy Chapman,4
East,Eugene Hildebrand,4
East,Sandra Flanagan,3
East,Lena Hernandez,3
East,Cynthia Voltz,3
East,Steven Cartwright,3
East,Dorothy Wardle,3
East,Maureen Gastineau,3
East,Sally Knutson,3
East,Cassandra Brandow,3
East,Valerie Mitchum,3
East,Victoria Wilson,3
East,Delfina Latchford,3
East,Sung Pak,3
East,Tamara Dahlen,3
East,Adam Bellavance,3
East,Roy Französisch,3
East,Shirley Daniels,3
East,Ed Braxton,3
East,Maya Herman,3
East,Jeremy Ellison,3
East,Luke Foster,3
East,Liz MacKendrick,3
East,Andrew Roberts,3
East,Nat Gilpin,3
East,Meg O'Connel,3
East,Steven Roelle,3
East,Ralph Arnett,3
East,Dan Lawera,3
East,Dean Braden,3
East,Cyma Kinney,3
East,Patrick O'Donnell,3
East,Phillina Ober,3
East,Emily Burns,3
East,Troy Staebel,3
East,Kalyca Meade,3
East,Laura Armstrong,3
East,Deirdre Greer,3
East,Matthew Grinstein,3
East,Theresa Swint,3
East,Dave Poirier,3
East,Brooke Gillingham,3
East,Gene McClure,3
East,Cathy Prescott,3
East,Alejandro Ballentine,3
East,Harry Marie,3
East,Michael Granlund,3
East,Gary Mitchum,3
East,Shui Tom,3
East,Keith Dawkins,3
East,Todd Sumrall,3
East,Andy Reiter,3
East,Emily Phan,3
East,Sheri Gordon,3
East,Alan Shonely,3
East,Toby Braunhardt,3
East,Sean Braxton,3
East,Mick Crebagga,3
East,Joseph Airdo,3
East,Brian Thompson,3
East,Jennifer Braxton,3
East,Gary McGarr,3
East,Ann Chong,3
East,Magdelene Morse,3
East,Julie Kriz,3
East,William Brown,3
East,Denny Ordway,3
East,Dennis Kane,3
East,Greg Matthias,3
East,Justin Deggeller,3
East,Chris Cortes,3
East,Michael Nguyen,3
East,Brad Eason,3
East,Harold Ryan,3
East,Rick Reed,3
East,Joy Daniels,3
East,Eleni McCrary,3
East,Art Foster,3
East,Kunst Miller,3
East,Justin MacKendrick,3
East,Ross DeVincentis,3
East,Becky Pak,3
East,Aaron Hawkins,3
East,Ted Trevino,3
East,Luke Weiss,3
East,Jeremy Farry,3
East,Sam Zeldin,3
East,Kelly Andreada,3
East,Adam Shillingsburg,3
East,Sylvia Foulston,3
East,Logan Currie,3
East,Frank Merwin,3
East,Muhammed MacIntyre,3
East,Pierre Wener,3
East,Scot Wooten,3
East,Anthony Rawles,3
East,Darrin Martin,3
East,John Castell,3
East,Mark Hamilton,3
East,Don Jones,3
East,Roger Demir,3
East,Neoma Murray,3
East,Becky Castell,3
East,Dennis Bolton,3
East,Stewart Visinsky,3
East,Alejandro Grove,3
East,Mike Pelletier,3
East,Deborah Brumfield,3
East,Frank Preis,3
East,Cari Schnelling,3
East,Evan Henry,3
East,Thea Hudgings,3
East,Marina Lichtenstein,3
East,Bart Pistole,3
East,Rick Bensley,3
East,Noel Staavos,3
East,Anthony Jacobs,3
East,Brendan Sweed,3
East,Edward Becker,3
East,Pauline Johnson,3
East,Barbara Fisher,3
East,Carl Weiss,3
East,Lena Creighton,3
East,Julia Barnett,3
East,Victoria Pisteka,3
East,Parhena Norris,2
East,Ryan Crowe,2
East,Eric Murdock,2
East,Joel Eaton,2
East,Paul Gonzalez,2
East,Christine Abelman,2
East,Nick Zandusky,2
East,Nathan Mautz,2
East,John Lucas,2
East,Jeremy Lonsdale,2
East,Allen Rosenblatt,2
East,Mike Vittorini,2
East,Saphhira Shifley,2
East,Dave Brooks,2
East,Raymond Buch,2
East,John Grady,2
East,Erin Mull,2
East,Astrea Jones,2
East,Brian Dahlen,2
East,Tamara Willingham,2
East,Craig Reiter,2
East,Doug Jacobs,2
East,Dorris liebe,2
East,Roland Schwarz,2
East,Mathew Reese,2
East,Emily Grady,2
East,David Bremer,2
East,Cynthia Arntzen,2
East,Guy Armstrong,2
East,Sanjit Jacobs,2
East,Linda Southworth,2
East,Guy Phonely,2
East,Sally Matthias,2
East,Harold Pawlan,2
East,Ralph Kennedy,2
East,Catherine Glotzbach,2
East,Ross Baird,2
East,Katherine Hughes,2
East,Rick Hansen,2
East,Philip Brown,2
East,Deanra Eno,2
East,Allen Goldenen,2
East,Mary O'Rourke,2
East,Nicole Fjeld,2
East,Frank Olsen,2
East,Karen Daniels,2
East,Brad Thomas,2
East,Joni Sundaresam,2
East,Patrick Gardner,2
East,Todd Boyes,2
East,Fred McMath,2
East,Matt Collins,2
East,Chad McGuire,2
East,Liz Thompson,2
East,Bill Donatelli,2
East,Mick Brown,2
East,Odella Nelson,2
East,Nora Pelletier,2
East,Dionis Lloyd,2
East,Arianne Irving,2
East,Jim Mitchum,2
East,Carl Ludwig,2
East,Pamela Coakley,2
East,Aimee Bixby,2
East,Charlotte Melton,2
East,Paul Lucas,2
East,Philisse Overcash,2
East,Sarah Foster,2
East,Damala Kotsonis,2
East,Henia Zydlo,2
East,Natalie DeCherney,2
East,Irene Maddox,2
East,Bradley Nguyen,2
East,Jay Kimmel,2
East,Bruce Stewart,2
East,Raymond Messe,2
East,Dianna Arnett,2
East,Mary Zewe,2
East,Jane Waco,2
East,Matt Collister,2
East,Corey Catlett,2
East,Bart Folk,2
East,Randy Ferguson,2
East,Grant Thornton,2
East,John Huston,2
East,Roger Barcio,2
East,Maris LaWare,2
East,Scott Williamson,2
East,Carol Triggs,2
East,Brendan Murry,2
East,Speros Goranitis,2
East,Annie Zypern,2
East,Denny Blanton,2
East,Dan Campbell,2
East,John Murray,2
East,Nora Preis,2
East,Edward Nazzal,2
East,Tom Ashbrook,2
East,Eric Hoffmann,2
East,Ken Lonsdale,2
East,Max Ludwig,2
East,Toby Carlisle,2
East,Daniel Raglin,2
East,Max Jones,2
East,Brosina Hoffman,2
East,Xylona Preis,2
East,Karen Carlisle,2
East,Greg Guthrie,2
East,Hunter Lopez,2
East,Giulietta Baptist,2
East,Natalie Webber,2
East,Lindsay Shagiari,2
East,Jasper Cacioppo,2
East,Jason Gross,2
East,Erin Creighton,2
East,Natalie Fritzler,2
East,Ken Black,2
East,Tiffany House,2
East,Frank Hawley,2
East,Jill Fjeld,2
East,Corinna Mitchell,2
East,Hunter Glantz,2
East,Tracy Collins,2
East,Maribeth Schnelling,2
East,Laurel Beltran,2
East,Jack O'Briant,2
East,Joni Wasserman,2
East,Dorothy Badders,2
East,Maureen Fritzler,2
East,Janet Lee,2
East,Ken Heidel,2
East,Vivian Mathis,2
East,Harry Greene,2
East,Vivek Grady,2
East,Maureen Gnade,2
East,Janet Martin,2
East,Anna Andreadi,2
East,Katrina Edelman,2
East,Tom Prescott,2
East,Michael Dominguez,2
East,Shirley Jackson,2
East,Bill Shonely,2
East,Lori Olson,2
East,Ricardo Sperren,2
East,Robert Marley,2
East,Jack Lebron,2
East,Carlos Daly,2
East,Gary Zandusky,2
East,Giulietta Weimer,2
East,Bill Eplett,2
East,Joy Bell-,2
East,Tony Chapman,2
East,Arthur Gainer,2
East,Penelope Sewall,2
East,Michelle Moray,2
East,Thomas Thornton,2
East,Melanie Seite,2
East,Alex Russell,2
East,Katherine Ducich,2
East,Ivan Liston,2
East,Michael Stewart,2
East,Lisa Ryan,2
East,Brenda Bowman,2
East,Christina Anderson,2
East,Meg Tillman,2
East,Duane Noonan,2
East,Alan Haines,2
East,Scott Cohen,2
East,Brian DeCherney,2
East,Dianna Vittorini,2
East,Frank Carlisle,2
East,Paul Stevenson,2
East,Sarah Brown,2
East,Bill Stewart,2
East,Alyssa Tate,2
East,Cathy Armstrong,2
East,Sung Shariari,2
East,Dave Kipp,2
East,Ben Peterman,2
East,Mark Van Huff,2
East,Barry Pond,2
East,Brian Derr,2
East,Kristina Nunn,2
East,Susan Pistek,2
East,Erica Hackney,2
East,Bradley Talbott,2
East,Jamie Kunitz,2
East,Doug O'Connell,2
East,Christopher Conant,2
East,Bart Watters,2
East,Stephanie Phelps,2
East,Monica Federle,2
East,Chad Cunningham,2
East,Carol Adams,2
East,Darren Powers,2
East,Justin Hirsh,2
East,Ben Ferrer,2
East,Allen Armold,2
East,Darren Budd,2
East,Pamela Stobb,2
East,Henry Goldwyn,2
East,Rob Dowd,2
East,Jay Fein,2
East,Beth Paige,2
East,Shahid Collister,2
East,David Smith,2
East,Stewart Carmichael,2
East,Tony Sayre,2
East,Barry Weirich,2
East,Jim Sink,2
East,Joe Elijah,2
East,Sharelle Roach,2
East,Jennifer Jackson,2
East,Harold Engle,2
East,Harold Dahlen,2
East,Richard Bierner,2
East,Sara Luxemburg,2
East,Cindy Schnelling,2
East,Thomas Boland,1
East,Marc Crier,1
East,Amy Hunt,1
East,Cyra Reiten,1
East,Aleksandra Gannaway,1
East,Roland Fjeld,1
East,Anne McFarland,1
East,Joe Kamberova,1
East,Aaron Smayling,1
East,Gary Hansen,1
East,Richard Eichhorn,1
East,Jas O'Carroll,1
East,Michelle Huthwaite,1
East,Phillip Breyer,1
East,Liz Willingham,1
East,Fred Harton,1
East,Grace Kelly,1
East,Sally Hughsby,1
East,Anna Chung,1
East,Jim Epp,1
East,MaryBeth Skach,1
East,Denise Leinenbach,1
East,Alan Hwang,1
East,Sean Wendt,1
East,Thea Hendricks,1
East,Karen Bern,1
East,Scot Coram,1
East,Kristen Hastings,1
East,Dorothy Dickinson,1
East,Anthony Johnson,1
East,Tamara Manning,1
East,Yana Sorensen,1
East,Linda Cazamias,1
East,Brad Norvell,1
East,Tony Molinari,1
East,Benjamin Venier,1
East,Christina VanderZanden,1
East,Georgia Rosenberg,1
East,Matt Connell,1
East,Victor Preis,1
East,Jennifer Halladay,1
East,Adrian Barton,1
East,Clay Rozendal,1
East,Hallie Redmond,1
East,Lisa DeCherney,1
East,Lynn Smith,1
East,Katrina Bavinger,1
East,Jill Matthias,1
East,Peter Fuller,1
East,Rob Lucas,1
East,Susan Gilcrest,1
East,Tom Stivers,1
East,Thomas Brumley,1
East,Mark Haberlin,1
East,Michelle Ellison,1
East,Mark Cousins,1
East,Alyssa Crouse,1
East,Jonathan Howell,1
East,Eugene Moren,1
East,Darrin Sayre,1
East,Arthur Wiediger,1
East,Troy Blackwell,1
East,Liz Carlisle,1
East,David Kendrick,1
East,Heather Kirkland,1
East,Tom Boeckenhauer,1
East,Ken Brennan,1
East,Theresa Coyne,1
East,Charles Sheldon,1
East,Craig Leslie,1
East,Herbert Flentye,1
East,Tanja Norvell,1
East,Carol Darley,1
East,David Flashing,1
East,Larry Hughes,1
East,Marc Harrigan,1
East,Victoria Brennan,1
East,Bobby Odegard,1
East,Toby Gnade,1
East,Jill Stevenson,1
East,Zuschuss Carroll,1
East,Robert Dilbeck,1
East,Larry Tron,1
East,Dario Medina,1
East,John Stevenson,1
East,Alex Avila,1
East,Peter McVee,1
East,Jason Klamczynski,1
East,Daniel Lacy,1
East,Ed Jacobs,1
East,Chris McAfee,1
East,Shirley Schmidt,1
East,Katherine Murray,1
East,Peter Bühler,1
East,Cindy Stewart,1
East,Laurel Workman,1
East,Don Miller,1
East,Paul Van Hugh,1
East,Craig Molinari,1
East,Tamara Chand,1
East,Benjamin Farhat,1
East,Neil Knudson,1
East,John Dryer,1
East,Shahid Shariari,1
East,Christopher Schild,1
East,Neil Ducich,1
East,Bill Overfelt,1
East,Cynthia Delaney,1
East,Eva Jacobs,1
East,Nora Paige,1
East,Kean Nguyen,1
East,Ryan Akin,1
East,Ivan Gibson,1
East,Noah Childs,1
East,Barry Französisch,1
East,Dennis Pardue,1
East,Fred Chung,1
East,Bobby Trafton,1
East,Eudokia Martin,1
East,Andy Gerbode,1
East,Olvera Toch,1
East,Matt Hagelstein,1
East,Carl Jackson,1
East,Andy Yotov,1
East,Chris Selesnick,1
East,Lindsay Castell,1
East,Shaun Weien,1
East,Skye Norling,1
East,Stephanie Ulpright,1
East,Sue Ann Reed,1
East,Nick Crebassa,1
East,Ruben Dartt,1
East,Emily Ducich,1
East,Neola Schneider,1
East,Fred Wasserman,1
East,Khloe Miller,1
East,Sean Miller,1
East,Nick Radford,1
East,Sean Christensen,1
East,Alice McCarthy,1
East,Ken Dana,1
East,Christine Kargatis,1
East,Rick Duston,1
East,Ricardo Emerson,1
East,Joy Smith,1
East,Christina DeMoss,1
East,Maurice Satty,1
East,Ben Wallace,1
East,Sam Craven,1
East,Susan MacKendrick,1
East,Roy Skaria,1
East,Steve Chapman,1
East,Elizabeth Moffitt,1
East,Craig Yedwab,1
East,Liz Preis,1
East,Dave Hallsten,1
East,Sonia Cooley,1
East,Nicole Hansen,1
East,Janet Molinari,1
East,Henry MacAllister,1
East,Joni Blumstein,1
East,Craig Carreira,1
East,Andrew Gjertsen,1
East,Alan Schoenberger,1
East,Corey Roper,1
East,Thomas Seio,1
East,Patrick O'Brill,1
East,Katrina Willman,1
East,Michael Kennedy,1
East,Nathan Gelder,1
East,Mike Gockenbach,1
East,Adrian Shami,1
East,Jennifer Ferguson,1
East,Theone Pippenger,1
East,Giulietta Dortch,1
East,Jesus Ocampo,1
East,David Philippe,1
East,Kelly Collister,1
East,Lisa Hazard,1
East,Helen Wasserman,1
East,Toby Ritter,1
East,Berenike Kampe,1
East,Paul Knutson,1
East,Anthony Garverick,1
East,Lauren Leatherbury,1
East,Ed Ludwig,1
East,Justin Ritter,1
East,Sample Company A,1
East,Sanjit Engle,1
East,Alan Barnes,1
East,Bryan Spruell,1
East,Steven Ward,1
East,Becky Martin,1
East,Helen Andreada,1
East,George Zrebassa,1
East,Jim Radford,1
East,Nat Carroll,1
East,Andrew Allen,1
East,Corey-Lock,1
East,Mike Caudle,1
East,Ellis Ballard,1
East,Julia West,1
East,Naresj Patel,1
East,Maribeth Yedwab,1
East,Max Engle,1
East,Anthony Witt,1
East,Russell Applegate,1
East,Cathy Hwang,1
East,Rick Huthwaite,1
East,Erica Hernandez,1
East,Brian Stugart,1
East,Logan Haushalter,1
East,Barry Blumstein,1
East,Valerie Dominguez,1
East,Kelly Lampkin,1
East,Patrick Jones,1
East,Ann Steele,1
East,Art Ferguson,1
East,Chuck Sachs,1
East,Tim Brockman,1
East,Nicole Brennan,1
East,Philip Fox,1
East,Sarah Bern,1
East,Bobby Elias,1
East,Bruce Degenhardt,1
East,Erica Smith,1
East,Robert Waldorf,1
East,Alejandro Savely,1
East,Michael Chen,1
East,Julie Creighton,1
East,Luke Schmidt,1
East,Michelle Arnett,1
East,Darrin Van Huff,1
East,Tim Taslimi,1
East,Michael Grace,1
East,Amy Cox,1
East,Benjamin Patterson,1
East,Yoseph Carroll,1
East,Rob Williams,1
East,Roy Collins,1
East,Bruce Geld,1
East,Sean O'Donnell,1
East,Laurel Elliston,1
East,Anna Häberlin,1
East,Randy Bradley,1
East,Roland Murray,1
East,Lena Cacioppo,1
East,Bill Tyler,1
East,Craig Carroll,1
East,Lycoris Saunders,1
East,Duane Huffman,1
East,Nathan Cano,1
East,Valerie Takahito,1
East,Toby Swindell,1
East,Sanjit Chand,1
East,Don Weiss,1
East,Karen Ferguson,1
East,George Ashbrook,1
South,Barry Gonzalez,6
South,Daniel Byrd,5
South,Anna Häberlin,5
South,Arthur Prichep,4
South,Christine Sundaresam,4
South,Dan Campbell,4
South,Maria Etezadi,4
South,Anna Gayman,4
South,Neil Ducich,4
South,Dorothy Badders,4
South,Parhena Norris,4
South,Ruben Ausman,4
South,Randy Ferguson,4
South,Emily Phan,4
South,Sanjit Jacobs,4
South,Patrick O'Brill,4
South,Joel Eaton,3
South,Valerie Dominguez,3
South,Natalie Fritzler,3
South,Rose O'Brian,3
South,Bruce Degenhardt,3
South,Brian Dahlen,3
South,Anthony Johnson,3
South,Sue Ann Reed,3
South,Joe Kamberova,3
South,Lena Radford,3
South,Patrick Gardner,3
South,Karen Carlisle,3
South,Natalie DeCherney,3
South,Yana Sorensen,3
South,Katherine Murray,3
South,Roy Französisch,3
South,Shaun Weien,3
South,Keith Dawkins,3
South,Frank Olsen,3
South,Barbara Fisher,3
South,Cyma Kinney,3
South,Erica Hernandez,3
South,Jeremy Pistek,3
South,Ann Steele,3
South,Joni Wasserman,3
South,Anne McFarland,3
South,Patrick Jones,3
South,Bradley Drucker,3
South,Debra Catini,3
South,Theone Pippenger,3
South,John Castell,3
South,Roland Schwarz,3
South,Ben Ferrer,3
South,Dan Lawera,3
South,Edward Becker,3
South,Fred McMath,3
South,Shahid Collister,3
South,James Galang,3
South,Dean Braden,3
South,Kimberly Carter,3
South,Emily Burns,3
South,Alan Hwang,3
South,Corey Catlett,3
South,Amy Cox,3
South,Kelly Lampkin,3
South,Lena Hernandez,3
South,Lauren Leatherbury,3
South,Sheri Gordon,3
South,Clytie Kelty,3
South,Brosina Hoffman,3
South,Mick Hernandez,3
South,Sean O'Donnell,2
South,Julie Creighton,2
South,Janet Martin,2
South,Heather Kirkland,2
South,Erin Ashbrook,2
South,Claudia Bergmann,2
South,Shahid Hopkins,2
South,Andy Gerbode,2
South,Don Jones,2
South,Victoria Brennan,2
South,Ross Baird,2
South,Mike Kennedy,2
South,Christopher Martinez,2
South,Rob Lucas,2
South,Darren Koutras,2
South,Cynthia Arntzen,2
South,Alan Shonely,2
South,Roy Collins,2
South,Michael Chen,2
South,Steve Chapman,2
South,Nona Balk,2
South,Chris Selesnick,2
South,Laurel Elliston,2
South,James Lanier,2
South,Anthony Jacobs,2
South,Guy Armstrong,2
South,Dave Kipp,2
South,Sara Luxemburg,2
South,Rob Dowd,2
South,Jennifer Halladay,2
South,Zuschuss Carroll,2
South,Penelope Sewall,2
South,Liz Preis,2
South,Evan Bailliet,2
South,Aaron Smayling,2
South,Paul Prost,2
South,Pauline Webber,2
South,Tracy Hopkins,2
South,Cindy Stewart,2
South,Benjamin Venier,2
South,Adam Hart,2
South,Anne Pryor,2
South,Marc Crier,2
South,Christina Anderson,2
South,Craig Carroll,2
South,George Bell,2
South,Nicole Hansen,2
South,Roy Phan,2
South,Muhammed MacIntyre,2
South,Sandra Flanagan,2
South,Ben Wallace,2
South,Rob Haberlin,2
South,Allen Goldenen,2
South,Liz Thompson,2
South,Catherine Glotzbach,2
South,Allen Armold,2
South,Sean Miller,2
South,Michael Kennedy,2
South,Liz MacKendrick,2
South,Kelly Williams,2
South,Sean Braxton,2
South,Herbert Flentye,2
South,Doug Bickford,2
South,Karl Braun,2
South,Lena Creighton,2
South,Odella Nelson,2
South,Tom Boeckenhauer,2
South,Ritsa Hightower,2
South,Julie Prescott,2
South,Saphhira Shifley,2
South,Toby Carlisle,2
South,Christine Kargatis,2
South,Denise Monton,2
South,Erica Bern,2
South,Jill Fjeld,2
South,Zuschuss Donatelli,2
South,Tony Chapman,2
South,Jim Epp,2
South,Pete Kriz,2
South,Damala Kotsonis,2
South,Evan Henry,2
South,Dean percer,2
South,Dave Hallsten,2
South,Kristina Nunn,2
South,Shui Tom,2
South,Pauline Johnson,2
South,Michael Grace,2
South,Stephanie Ulpright,2
South,Ross DeVincentis,2
South,Christine Phan,2
South,Ken Black,2
South,Jay Kimmel,2
South,Eugene Hildebrand,2
South,Stewart Visinsky,2
South,Eric Barreto,2
South,Charles Sheldon,2
South,Michael Paige,2
South,Dana Kaydos,2
South,John Lee,2
South,Ted Trevino,2
South,Dorothy Dickinson,2
South,Giulietta Baptist,2
South,Sanjit Chand,2
South,Henry Goldwyn,2
South,Cari Schnelling,2
South,Jack O'Briant,2
South,Sample Company A,2
South,Thomas Boland,2
South,Dennis Pardue,2
South,Craig Yedwab,2
South,Robert Barroso,2
South,Karen Seio,2
South,Bryan Mills,2
South,Dorothy Wardle,2
South,Patrick Ryan,2
South,Thomas Seio,2
South,Karen Bern,2
South,Filia McAdams,2
South,Darrin Van Huff,2
South,Andrew Gjertsen,2
South,Arthur Gainer,2
South,Delfina Latchford,2
South,Chris Cortes,2
South,Shahid Shariari,2
South,Amy Hunt,2
South,Evan Minnotte,2
South,Raymond Messe,2
South,Matt Connell,2
South,Michael Moore,2
South,Max Engle,2
South,Sung Pak,2
South,Beth Fritzler,2
South,Daniel Raglin,2
South,Frank Atkinson,2
South,Maureen Fritzler,2
South,Jonathan Howell,2
South,Jonathan Doherty,2
South,Joe Elijah,2
South,Bart Pistole,2
South,Jamie Kunitz,2
South,Elizabeth Moffitt,2
South,Paul Gonzalez,2
South,Doug O'Connell,2
South,Michelle Huthwaite,2
South,Frank Hawley,2
South,Katherine Hughes,2
South,Jack Garza,2
South,Giulietta Weimer,2
South,Justin MacKendrick,2
South,Lindsay Castell,2
South,Jack Lebron,2
South,Duane Huffman,2
South,Xylona Preis,2
South,Noel Staavos,2
South,Cassandra Brandow,2
South,Rick Reed,2
South,Claire Gute,1
South,Andrew Allen,1
South,Erin Smith,1
South,Karen Daniels,1
South,Stewart Carmichael,1
South,Patrick O'Donnell,1
South,Greg Guthrie,1
South,Robert Marley,1
South,Christopher Schild,1
South,Alan Haines,1
South,Denny Ordway,1
South,Luke Foster,1
South,Stephanie Phelps,1
South,Maribeth Dona,1
South,Patricia Hirasaki,1
South,Ryan Crowe,1
South,Ashley Jarboe,1
South,Denny Joy,1
South,Grant Thornton,1
South,Naresj Patel,1
South,Brad Norvell,1
South,Mike Caudle,1
South,Jennifer Braxton,1
South,Art Foster,1
South,Joel Jenkins,1
South,Scott Williamson,1
South,Thomas Brumley,1
South,Maribeth Schnelling,1
South,Robert Waldorf,1
South,Mitch Willingham,1
South,Lindsay Williams,1
South,Hunter Lopez,1
South,Rob Beeghly,1
South,Nat Gilpin,1
South,Larry Hughes,1
South,Eva Jacobs,1
South,Jocasta Rupert,1
South,Suzanne McNair,1
South,Logan Currie,1
South,Tracy Collins,1
South,Chuck Sachs,1
South,Laurel Workman,1
South,Irene Maddox,1
South,Mark Cousins,1
South,Don Weiss,1
South,Bobby Odegard,1
South,Clay Ludtke,1
South,Vivek Grady,1
South,Erin Mull,1
South,Max Ludwig,1
South,Cathy Hwang,1
South,Katharine Harms,1
South,Adam Shillingsburg,1
South,Ryan Akin,1
South,Corey-Lock,1
South,Erica Hackney,1
South,Seth Vernon,1
South,Alan Schoenberger,1
South,Jamie Frazer,1
South,Steve Nguyen,1
South,Thais Sissman,1
South,Neil Knudson,1
South,Bart Folk,1
South,Mark Van Huff,1
South,Theresa Swint,1
South,Dionis Lloyd,1
South,Meg O'Connel,1
South,Adam Bellavance,1
South,Carlos Meador,1
South,Adrian Barton,1
South,Ben Peterman,1
South,Maria Bertelson,1
South,Brian Derr,1
South,Shirley Daniels,1
South,Kean Nguyen,1
South,Gary Hwang,1
South,Steve Carroll,1
South,Brian Thompson,1
South,Ivan Gibson,1
South,Jill Stevenson,1
South,Carol Adams,1
South,Christopher Conant,1
South,Rick Hansen,1
South,Harry Greene,1
South,Becky Pak,1
South,Julia Barnett,1
South,Arianne Irving,1
South,Dianna Wilson,1
South,Corinna Mitchell,1
South,Toby Braunhardt,1
South,Greg Maxwell,1
South,Kean Takahito,1
South,Aaron Hawkins,1
South,Tony Sayre,1
South,Stefania Perrino,1
South,Heather Jas,1
South,Mark Hamilton,1
South,Stuart Calhoun,1
South,Helen Andreada,1
South,Denny Blanton,1
South,Meg Tillman,1
South,Frank Merwin,1
South,Sally Hughsby,1
South,Quincy Jones,1
South,Alejandro Ballentine,1
South,Russell Applegate,1
South,Roland Fjeld,1
South,Michael Nguyen,1
South,Bobby Elias,1
South,Nathan Cano,1
South,Natalie Webber,1
South,Katrina Edelman,1
South,Darrin Martin,1
South,David Wiener,1
South,Eric Hoffmann,1
South,Art Ferguson,1
South,Raymond Buch,1
South,David Bremer,1
South,Khloe Miller,1
South,Fred Harton,1
South,Denise Leinenbach,1
South,Ken Heidel,1
South,Lynn Smith,1
South,Katrina Willman,1
South,Mike Gockenbach,1
South,Gary Zandusky,1
South,Jay Fein,1
South,Peter Fuller,1
South,Ralph Arnett,1
South,Kean Thornton,1
South,Stefanie Holloman,1
South,Roger Demir,1
South,Michael Dominguez,1
South,Paul Stevenson,1
South,Todd Boyes,1
South,Matt Collins,1
South,Anthony Garverick,1
South,Allen Rosenblatt,1
South,Ellis Ballard,1
South,Mike Vittorini,1
South,Jeremy Farry,1
South,Laurel Beltran,1
South,Erica Smith,1
South,Jas O'Carroll,1
South,Pierre Wener,1
South,Darren Powers,1
South,Justin Ritter,1
South,Tamara Manning,1
South,Jill Matthias,1
South,John Dryer,1
South,Luke Schmidt,1
South,Erin Creighton,1
South,Thomas Thornton,1
South,Pete Armstrong,1
South,Don Miller,1
South,Philip Brown,1
South,Barry Französisch,1
South,Scott Cohen,1
South,Jane Waco,1
South,Dan Reichenbach,1
South,Chloris Kastensmidt,1
South,Liz Carlisle,1
South,Barry Weirich,1
South,Mitch Gastineau,1
South,Beth Paige,1
South,Max Jones,1
South,Dianna Arnett,1
South,MaryBeth Skach,1
South,Chris McAfee,1
South,Richard Bierner,1
South,Joy Smith,1
South,Hunter Glantz,1
South,Angele Hood,1
South,Anna Andreadi,1
South,Harold Ryan,1
South,Alan Barnes,1
South,Valerie Mitchum,1
South,Victoria Wilson,1
South,Alyssa Tate,1
South,Annie Thurman,1
South,Laura Armstrong,1
South,Adrian Hane,1
South,Dave Brooks,1
South,Nick Radford,1
South,Julia West,1
South,Shirley Schmidt,1
South,Fred Hopkins,1
South,Bruce Geld,1
South,Juliana Krohn,1
South,Nora Pelletier,1
South,Mick Brown,1
South,Olvera Toch,1
South,Tamara Willingham,1
South,Monica Federle,1
South,Justin Ellison,1
South,Maurice Satty,1
South,Anemone Ratner,1
South,Brenda Bowman,1
South,Peter Bühler,1
South,Toby Ritter,1
South,Sung Shariari,1
South,Harold Pawlan,1
South,Sharelle Roach,1
South,Maxwell Schwartz,1
South,John Stevenson,1
South,Sarah Jordon,1
South,Julie Kriz,1
South,Sonia Cooley,1
South,Toby Gnade,1
South,Muhammed Lee,1
South,Mark Haberlin,1
South,Scot Wooten,1
South,Kristen Hastings,1
South,Daniel Lacy,1
South,Fred Wasserman,1
South,Speros Goranitis,1
South,Nicole Brennan,1
South,Ricardo Sperren,1
South,Tanja Norvell,1
South,Alex Grayson,1
South,Keith Herrera,1
South,Ann Blume,1
South,Larry Blacks,1
South,Elpida Rittenbach,1
South,Vivek Sundaresam,1
South,Cyra Reiten,1
South,Michael Oakman,1
South,Trudy Schmidt,1
South,Jim Sink,1
South,Jim Karlsson,1
South,Vivian Mathis,1
South,Cindy Schnelling,1
South,Dario Medina,1
South,Marina Lichtenstein,1
South,Philip Fox,1
South,Caroline Jumper,1
South,Pete Takahito,1
South,Bill Shonely,1
South,Henry MacAllister,1
South,Frank Carlisle,1
South,Tamara Chand,1
South,Gary McGarr,1
South,Janet Lee,1
South,Brian DeCherney,1
South,Thea Hendricks,1
South,Gene McClure,1
South,Sanjit Engle,1
South,David Smith,1
South,Paul MacIntyre,1
South,Peter McVee,1
South,Giulietta Dortch,1
South,Henia Zydlo,1
South,Steven Roelle,1
South,Marc Harrigan,1
South,Rick Bensley,1
South,Karen Ferguson,1
South,Tonja Turnell,1
South,John Murray,1
South,Muhammed Yedwab,1
South,Corey Roper,1
South,Eudokia Martin,1
South,Vivek Gonzalez,1
South,Liz Willingham,1
South,Victoria Pisteka,1
South,Lori Olson,1
South,Michelle Arnett,1
South,Gary Hansen,1
South,Maribeth Yedwab,1
South,Cathy Prescott,1
South,John Huston,1
South,Craig Carreira,1
South,Hallie Redmond,1
South,Bart Watters,1
South,Brendan Sweed,1
South,Neil Französisch,1
South,Brendan Dodson,1
South,Trudy Glocke,1
South,Stuart Van,1
South,Tamara Dahlen,1
South,Emily Grady,1
South,Carlos Soltero,1
South,Joseph Holt,1
South,Grace Kelly,1
South,Nick Crebassa,1
South,Lena Cacioppo,1
South,Phillip Flathmann,1
South,George Ashbrook,1
South,Craig Leslie,1
South,Mark Packer,1
West,Sally Hughsby,7
West,Bill Donatelli,7
West,Sanjit Engle,7
West,Arianne Irving,7
West,Ruben Dartt,6
West,Logan Haushalter,6
West,Jeremy Farry,6
West,Arthur Prichep,6
West,Henry Goldwyn,6
West,Rick Wilson,6
West,Steven Cartwright,6
West,Marc Crier,5
West,William Brown,5
West,Justin MacKendrick,5
West,Becky Castell,5
West,Michael Granlund,5
West,Emily Phan,5
West,Denny Ordway,5
West,Ken Black,5
West,Chris Selesnick,5
West,Bart Pistole,5
West,Edward Hooks,5
West,Lena Creighton,5
West,Kristen Hastings,5
West,Grace Kelly,5
West,Doug Bickford,5
West,Ken Lonsdale,5
West,Philip Brown,5
West,Joel Eaton,5
West,Sanjit Chand,5
West,Sarah Foster,5
West,Zuschuss Carroll,5
West,Alan Barnes,5
West,Nick Zandusky,5
West,Clay Ludtke,5
West,Patrick Gardner,5
West,Lindsay Williams,5
West,Vivek Gonzalez,5
West,Noel Staavos,5
West,Damala Kotsonis,5
West,Christopher Schild,5
West,Marina Lichtenstein,5
West,Sue Ann Reed,4
West,Joe Elijah,4
West,Berenike Kampe,4
West,Gene McClure,4
West,Maribeth Schnelling,4
West,Karen Ferguson,4
West,Rick Huthwaite,4
West,Maria Zettner,4
West,Ken Dana,4
West,Nancy Lomonaco,4
West,Alejandro Ballentine,4
West,Guy Armstrong,4
West,Eugene Moren,4
West,Gary Hansen,4
West,Chris Cortes,4
West,Tim Brockman,4
West,Jonathan Doherty,4
West,Jack O'Briant,4
West,Nick Crebassa,4
West,Nicole Fjeld,4
West,David Wiener,4
West,Tiffany House,4
West,Mark Van Huff,4
West,Tracy Collins,4
West,Fred Chung,4
West,Candace McMahon,4
West,Marc Harrigan,4
West,Keith Dawkins,4
West,Roger Demir,4
West,Laurel Beltran,4
West,Eric Hoffmann,4
West,Kunst Miller,4
West,Duane Noonan,4
West,Helen Andreada,4
West,Tamara Willingham,4
West,Neil Knudson,4
West,Frank Merwin,4
West,Bruce Stewart,4
West,Alan Hwang,4
West,Jas O'Carroll,4
West,Ben Peterman,4
West,Frank Atkinson,4
West,Keith Herrera,4
West,Joseph Holt,4
West,Tanja Norvell,4
West,Xylona Preis,4
West,Allen Armold,4
West,Erin Smith,4
West,Liz Pelletier,4
West,Frank Preis,4
West,Charles Crestani,4
West,John Lee,4
West,Anthony Rawles,4
West,Jay Kimmel,4
West,Gary Zandusky,4
West,Dave Poirier,4
West,Joseph Airdo,4
West,Tracy Zic,4
West,Naresj Patel,4
West,Neoma Murray,4
West,Dionis Lloyd,4
West,Greg Guthrie,4
West,George Bell,4
West,Ben Ferrer,4
West,Nora Preis,4
West,Phillip Flathmann,4
West,Chuck Clark,4
West,Kean Takahito,4
West,Beth Thompson,4
West,Maria Bertelson,4
West,Victoria Wilson,4
West,Mike Pelletier,4
West,Rick Duston,4
West,Yana Sorensen,4
West,Michelle Moray,4
West,Emily Ducich,4
West,Stefania Perrino,3
West,Matt Collins,3
West,Frank Hawley,3
West,Filia McAdams,3
West,Adam Hart,3
West,Benjamin Patterson,3
West,Paul Gonzalez,3
West,Craig Carreira,3
West,Ed Braxton,3
West,Kelly Andreada,3
West,Clytie Kelty,3
West,Kean Thornton,3
West,Adrian Hane,3
West,Patrick Bzostek,3
West,Toby Gnade,3
West,Barry Franz,3
West,Kristina Nunn,3
West,Scott Cohen,3
West,Dennis Kane,3
West,Tamara Manning,3
West,Linda Cazamias,3
West,Ross Baird,3
West,Harry Marie,3
West,Anne McFarland,3
West,Bill Tyler,3
West,John Murray,3
West,Aleksandra Gannaway,3
West,Jim Mitchum,3
West,Jason Fortune-,3
West,Alan Schoenberger,3
West,Pete Kriz,3
West,Toby Carlisle,3
West,Stewart Visinsky,3
West,Anthony Johnson,3
West,Carlos Soltero,3
West,Herbert Flentye,3
West,George Ashbrook,3
West,Dean percer,3
West,Cindy Stewart,3
West,Natalie DeCherney,3
West,Don Jones,3
West,Ken Heidel,3
West,Thomas Thornton,3
West,Mick Crebagga,3
West,Philisse Overcash,3
West,Andy Yotov,3
West,Aaron Smayling,3
West,Cari Sayre,3
West,Sanjit Jacobs,3
West,Thomas Seio,3
West,Rob Dowd,3
West,Odella Nelson,3
West,Tony Chapman,3
West,Dennis Pardue,3
West,Dario Medina,3
West,Tony Sayre,3
West,Jim Kriz,3
West,Vicky Freymann,3
West,Eugene Hildebrand,3
West,Susan Pistek,3
West,Steve Nguyen,3
West,Katrina Edelman,3
West,Toby Swindell,3
West,Heather Jas,3
West,Eileen Kiefer,3
West,Bruce Geld,3
West,Michelle Arnett,3
West,Andrew Gjertsen,3
West,Anna Häberlin,3
West,Mike Caudle,3
West,Tom Stivers,3
West,Richard Bierner,3
West,Jim Epp,3
West,Sample Company A,3
West,Adam Bellavance,3
West,Cindy Chapman,3
West,Jill Matthias,3
West,Shaun Weien,3
West,James Lanier,3
West,Barry Französisch,3
West,Eva Jacobs,3
West,Aaron Hawkins,3
West,Chloris Kastensmidt,3
West,Joy Bell-,3
West,Justin Deggeller,3
West,Steve Carroll,3
West,Susan Vittorini,3
West,Khloe Miller,3
West,Jennifer Ferguson,3
West,Frank Carlisle,3
West,Ionia McGrath,3
West,Sean O'Donnell,3
West,Nathan Mautz,3
West,Rob Lucas,3
West,George Zrebassa,3
West,Paul Stevenson,3
West,Pauline Webber,3
West,Suzanne McNair,3
West,Resi Pölking,3
West,Ashley Jarboe,3
West,Irene Maddox,3
West,Emily Burns,3
West,Ruben Ausman,3
West,Katherine Ducich,3
West,Lena Cacioppo,3
West,Stephanie Phelps,3
West,Max Jones,3
West,Chad Sievert,3
West,Mary Zewe,3
West,David Bremer,3
West,Barry Blumstein,3
West,Tracy Blumstein,3
West,Arthur Gainer,3
West,Sonia Sunley,3
West,Maribeth Yedwab,3
West,Dean Katz,3
West,Dianna Vittorini,3
West,Lena Radford,3
West,Annie Thurman,3
West,Logan Currie,3
West,Max Engle,3
West,Rick Bensley,3
West,Darrin Sayre,3
West,Maya Herman,3
West,Helen Wasserman,3
West,Gary McGarr,3
West,Rachel Payne,3
West,Rob Williams,3
West,John Lucas,3
West,Cynthia Voltz,3
West,Philip Fox,3
West,Skye Norling,3
West,Craig Yedwab,3
West,Alyssa Tate,3
West,Harold Ryan,3
West,Bradley Talbott,3
West,Linda Southworth,3
West,Greg Matthias,3
West,Sam Zeldin,3
West,Christina Anderson,3
West,Adrian Barton,3
West,Jennifer Braxton,3
West,Jane Waco,3
West,Jessica Myrick,3
West,Michael Chen,3
West,Tom Boeckenhauer,3
West,Gary Hwang,3
West,Deborah Brumfield,3
West,Edward Becker,3
West,Jesus Ocampo,3
West,James Galang,3
West,Natalie Webber,3
West,Fred Hopkins,3
West,Thea Hendricks,3
West,Robert Barroso,3
West,Cynthia Delaney,3
West,Darrin Van Huff,2
West,Zuschuss Donatelli,2
West,Troy Staebel,2
West,Lindsay Shagiari,2
West,Dave Brooks,2
West,Ted Trevino,2
West,Kelly Collister,2
West,Kelly Lampkin,2
West,Clay Cheatham,2
West,Alejandro Savely,2
West,Caroline Jumper,2
West,Sung Pak,2
West,Jeremy Pistek,2
West,Bradley Nguyen,2
West,Alan Dominguez,2
West,Karen Bern,2
West,Jasper Cacioppo,2
West,Olvera Toch,2
West,Ellis Ballard,2
West,Trudy Glocke,2
West,Dorris liebe,2
West,Christine Kargatis,2
West,Yoseph Carroll,2
West,Liz Thompson,2
West,Erica Smith,2
West,Carlos Daly,2
West,Russell Applegate,2
West,Pauline Johnson,2
West,Eudokia Martin,2
West,Chuck Magee,2
West,Cyma Kinney,2
West,Pamela Coakley,2
West,Tamara Dahlen,2
West,Roland Fjeld,2
West,Ryan Akin,2
West,Meg Tillman,2
West,Meg O'Connel,2
West,Brian DeCherney,2
West,Erica Hernandez,2
West,Maurice Satty,2
West,Paul Van Hugh,2
West,Larry Tron,2
West,Justin Hirsh,2
West,Erica Bern,2
West,Alex Avila,2
West,Roy Collins,2
West,Frank Gastineau,2
West,Lisa DeCherney,2
West,Harold Pawlan,2
West,Jamie Frazer,2
West,Ann Blume,2
West,Michael Moore,2
West,Shaun Chance,2
West,Katherine Nockton,2
West,Mike Kennedy,2
West,Christine Phan,2
West,Corinna Mitchell,2
West,Pauline Chand,2
West,Ivan Gibson,2
West,Jeremy Ellison,2
West,Hilary Holden,2
West,Pamela Stobb,2
West,Claudia Bergmann,2
West,Joni Wasserman,2
West,Lauren Leatherbury,2
West,Giulietta Weimer,2
West,Michelle Ellison,2
West,Stewart Carmichael,2
West,Valerie Mitchum,2
West,Nora Pelletier,2
West,Laurel Workman,2
West,Max Ludwig,2
West,Luke Weiss,2
West,Carl Weiss,2
West,Toby Ritter,2
West,Anthony Witt,2
West,Sandra Glassco,2
West,Scot Wooten,2
West,Dianna Wilson,2
West,Ivan Liston,2
West,Heather Kirkland,2
West,Alan Shonely,2
West,Matt Hagelstein,2
West,Jim Karlsson,2
West,Ben Wallace,2
West,Ricardo Sperren,2
West,Laura Armstrong,2
West,Alice McCarthy,2
West,Erica Hackney,2
West,Katherine Murray,2
West,Eleni McCrary,2
West,Pierre Wener,2
West,Shahid Collister,2
West,Greg Maxwell,2
West,Bill Overfelt,2
West,Carol Triggs,2
West,MaryBeth Skach,2
West,Kean Nguyen,2
West,Scott Williamson,2
West,Greg Tran,2
West,Lisa Hazard,2
West,Dan Reichenbach,2
West,Katrina Bavinger,2
West,Maxwell Schwartz,2
West,Chad Cunningham,2
West,Sarah Jordon,2
West,Penelope Sewall,2
West,Patrick Ryan,2
West,Liz Carlisle,2
West,Charlotte Melton,2
West,Shirley Jackson,2
West,Guy Thornton,2
West,Ralph Arnett,2
West,Darren Budd,2
West,Roland Schwarz,2
West,Ed Jacobs,2
West,Todd Sumrall,2
West,Jay Fein,2
West,Maris LaWare,2
West,Paul Lucas,2
West,Michael Kennedy,2
West,Amy Cox,2
West,Tracy Poddar,2
West,Steven Roelle,2
West,Muhammed MacIntyre,2
West,Angele Hood,2
West,Alex Grayson,2
West,Trudy Brown,2
West,Anna Andreadi,2
West,Ann Steele,2
West,Liz Preis,2
West,Robert Marley,2
West,Bruce Degenhardt,2
West,David Smith,2
West,Bill Stewart,2
West,Helen Abelman,2
West,Denny Joy,2
West,Deanra Eno,2
West,Christine Sundaresam,2
West,Sheri Gordon,2
West,Brian Dahlen,2
West,Craig Leslie,2
West,Arthur Wiediger,2
West,Tonja Turnell,2
West,Mick Brown,2
West,Luke Schmidt,2
West,Darren Koutras,2
West,Eugene Barchas,2
West,Cassandra Brandow,2
West,Anthony Jacobs,2
West,Andy Reiter,2
West,Roy Phan,2
West,John Grady,2
West,Matt Connell,2
West,Erin Ashbrook,2
West,Art Ferguson,2
West,Paul Prost,2
West,Patrick Jones,2
West,Dorothy Wardle,2
West,Becky Pak,2
West,Dave Hallsten,2
West,Julie Prescott,2
West,Beth Paige,2
West,Doug O'Connell,2
West,Joe Kamberova,2
West,Lynn Smith,2
West,Giulietta Dortch,2
West,Janet Molinari,2
West,Lisa Ryan,2
West,Cathy Prescott,2
West,Justin Ritter,2
West,Saphhira Shifley,2
West,Anna Chung,2
West,Jason Gross,2
West,Mitch Webber,2
West,Clay Rozendal,2
West,Rose O'Brian,2
West,Annie Zypern,2
West,Sylvia Foulston,2
West,Patrick O'Brill,2
West,Bart Watters,2
West,Robert Dilbeck,2
West,Mike Vittorini,2
West,Brendan Murry,2
West,Nora Paige,2
West,Scot Coram,2
West,Eric Murdock,2
West,Elizabeth Moffitt,2
West,Bryan Mills,2
West,Becky Martin,2
West,Henry MacAllister,2
West,Thomas Brumley,2
West,Daniel Byrd,2
West,Chad McGuire,2
West,Raymond Buch,2
West,Sean Christensen,2
West,Deirdre Greer,2
West,Dennis Bolton,2
West,John Castell,2
West,Sarah Brown,2
West,Maria Etezadi,2
West,Frank Olsen,2
West,Darren Powers,1
West,Raymond Messe,1
West,Adrian Shami,1
West,Noah Childs,1
West,Carol Darley,1
West,Rick Hansen,1
West,Tamara Chand,1
West,Larry Blacks,1
West,Neola Schneider,1
West,Bobby Trafton,1
West,Doug Jacobs,1
West,Julie Kriz,1
West,Tom Prescott,1
West,Allen Rosenblatt,1
West,Christina VanderZanden,1
West,Mike Gockenbach,1
West,Bill Eplett,1
West,Michelle Lonsdale,1
West,Matt Collister,1
West,Bryan Spruell,1
West,Ralph Ritter,1
West,Lori Olson,1
West,Tim Taslimi,1
West,David Flashing,1
West,Fred Harton,1
West,Elpida Rittenbach,1
West,Denise Leinenbach,1
West,Michelle Huthwaite,1
West,Darrin Martin,1
West,Beth Fritzler,1
West,Stuart Calhoun,1
West,Ryan Crowe,1
West,Matthew Clasen,1
West,Sharelle Roach,1
West,Benjamin Farhat,1
West,Justin Ellison,1
West,Jack Lebron,1
West,Mitch Willingham,1
West,Brian Moss,1
West,Matthew Grinstein,1
West,Luke Foster,1
West,Phillina Ober,1
West,Carl Ludwig,1
West,Cathy Armstrong,1
West,Patrick O'Donnell,1
West,Jennifer Patt,1
West,Maureen Fritzler,1
West,Charles McCrossin,1
West,Julia Barnett,1
West,Astrea Jones,1
West,Peter Fuller,1
West,Christopher Conant,1
West,Jill Fjeld,1
West,Shui Tom,1
West,Sung Shariari,1
West,Janet Martin,1
West,Georgia Rosenberg,1
West,Vivek Sundaresam,1
West,Rob Beeghly,1
West,Julia West,1
West,Corey-Lock,1
West,Lena Hernandez,1
West,Theresa Swint,1
West,Benjamin Venier,1
West,Nick Radford,1
West,Monica Federle,1
West,Nathan Gelder,1
West,Christine Abelman,1
West,Karen Seio,1
West,Joy Daniels,1
West,Aaron Bergman,1
West,Shahid Shariari,1
West,Bradley Drucker,1
West,Parhena Norris,1
West,Richard Eichhorn,1
West,Tony Molinari,1
West,Delfina Latchford,1
West,Lycoris Saunders,1
West,Muhammed Lee,1
West,Denise Monton,1
West,Larry Hughes,1
West,Dean Braden,1
West,Duane Huffman,1
West,Jennifer Halladay,1
West,Roy Französisch,1
West,Amy Hunt,1
West,John Dryer,1
West,Juliana Krohn,1
West,Charles Sheldon,1
West,Brian Stugart,1
West,Robert Waldorf,1
West,Matt Abelman,1
West,Randy Ferguson,1
West,Allen Goldenen,1
West,Ann Chong,1
West,Anthony O'Donnell,1
West,Nathan Cano,1
West,Brenda Bowman,1
West,Liz Willingham,1
West,Nona Balk,1
West,Erin Creighton,1
West,Victoria Pisteka,1
West,Sean Braxton,1
West,Shirley Daniels,1
West,Hunter Glantz,1
West,Brian Thompson,1
West,Brad Norvell,1
West,Stefanie Holloman,1
West,Russell D'Ascenzo,1
West,Sally Matthias,1
West,Speros Goranitis,1
West,Sarah Bern,1
West,Christy Brittain,1
West,Katharine Harms,1
West,Dorothy Dickinson,1
West,Janet Lee,1
West,Shahid Hopkins,1
West,Steven Ward,1
West,Carol Adams,1
West,Sonia Cooley,1
West,Trudy Schmidt,1
West,Stuart Van,1
West,Joni Blumstein,1
West,Carlos Meador,1
West,Sara Luxemburg,1
West,Maureen Gastineau,1
West,Sean Miller,1
West,Mark Cousins,1
West,Corey Catlett,1
West,Bill Shonely,1
West,Karen Daniels,1
West,Dana Kaydos,1
West,Muhammed Yedwab,1
West,Seth Vernon,1
West,Magdelene Morse,1
West,Daniel Raglin,1
West,Brendan Dodson,1
West,Karl Braun,1
West,Mark Haberlin,1
West,Pete Armstrong,1
West,Bryan Davis,1
West,Chris McAfee,1
West,Mark Hamilton,1
West,Neil Französisch,1
West,Lindsay Castell,1
West,Adam Shillingsburg,1
West,Toby Braunhardt,1
West,Barry Pond,1
West,Neil Ducich,1
West,Kalyca Meade,1
West,Jason Klamczynski,1
West,Jeremy Lonsdale,1
West,Stephanie Ulpright,1
West,Duane Benoit,1
West,Ken Brennan,1
West,Christopher Martinez,1
West,Vivian Mathis,1
West,Kelly Williams,1
West,Mathew Reese,1
West,Catherine Glotzbach,1
West,Sandra Flanagan,1
West,Bobby Elias,1
West,Theone Pippenger,1
West,Craig Molinari,1
West,Fred Wasserman,1
West,Joy Smith,1
West,Evan Bailliet,1
West,Troy Blackwell,1
West,Dan Lawera,1
West,Sung Chung,1
West,Maribeth Dona,1
West,Anne Pryor,1
West,Brosina Hoffman,1
West,Alejandro Grove,1
West,Brendan Sweed,1
West,Jim Sink,1
West,Roger Barcio,1
West,Dave Kipp,1
West,Laurel Elliston,1
West,Jonathan Howell,1
West,Alyssa Crouse,1
West,Julia Dunbar,1
West,Jack Garza,1
West,Victor Preis,1
West,Kimberly Carter,1
West,Michelle Tran,1
West,Fred McMath,1
West,Ross DeVincentis,1
West,Melanie Seite,1
West,Andrew Roberts,1
West,Jill Stevenson,1
West,Karen Carlisle,1
West,Cynthia Arntzen,1
West,Daniel Lacy,1
West,John Stevenson,1
West,Hallie Redmond,1
West,Jennifer Jackson,1
West,Don Weiss,1
West,Julie Creighton,1
West,Brooke Gillingham,1
West,Jim Radford,1
West,Valerie Dominguez,1
West,Thais Sissman,1
West,Nicole Hansen,1
West,Paul Knutson,1
West,Jenna Caffey,1
West,Christina DeMoss,1
West,Eric Barreto,1
West,Jamie Kunitz,1
West,Debra Catini,1