Product,num_customer_pair
Xerox 1881,153
Imation 16GB Mini TravelDrive USB 2.0 Flash Drive,153
Easy-staple paper,149
"Eldon Image Series Desk Accessories, Burgundy",119
Staple envelope,114
Logitech 910-002974 M325 Wireless Mouse for Web Scrolling,105
"Situations Contoured Folding Chairs, 4/Set",104
"Global Task Chair, Black",104
Logitech G19 Programmable Gaming Keyboard,104
Avery Non-Stick Binders,99
Staples,96
DAX Wood Document Frame,91
GBC Binding covers,91
Avery Arch Ring Binders,91
"Global Wood Trimmed Manager's Task Chair, Khaki",91
GBC Premium Transparent Covers with Diagonal Lined Pattern,91
"Global High-Back Leather Tilter, Burgundy",91
"Adams Telephone Message Book W/Dividers/Space For Phone Numbers, 5 1/4\""X8 1/2\"", 200/Messages",90
"ACCOHIDE 3-Ring Binder, Blue, 1\""",78
Eldon 500 Class Desk Accessories,78
Zipper Ring Binder Pockets,78
Chromcraft Round Conference Tables,78
Kingston Digital DataTraveler 16GB USB 2.0,78
Wilson Jones Turn Tabs Binder Tool for Ring Binders,78
SAFCO Arco Folding Chair,78
Avery File Folder Labels,78
GBC Instant Report Kit,78
Ibico Plastic Spiral Binding Combs,78
"Hot File 7-Pocket, Floor Stand",77
Storex Dura Pro Binders,76
KI Adjustable-Height Table,76
"Hon Deluxe Fabric Upholstered Stacking Chairs, Rounded Back",66
Flat Face Poster Frame,66
Fellowes Bankers Box Stor/Drawer Steel Plus,66
Logitech Desktop MK120 Mouse and keyboard Combo,66
"White Dual Perf Computer Printout Paper, 2700 Sheets, 1 Part, Heavyweight, 20 lbs., 14 7/8 x 11",66
Wilson Jones Leather-Like Binders with DublLock Round Rings,66
"Eldon Expressions Wood Desk Accessories, Oak",66
Tennsco Double-Tier Lockers,66
"RSVP Cards & Envelopes, Blank White, 8-1/2\"" X 11\"", 24 Cards/25 Envelopes/Set",66
DAX Solid Wood Frames,66
"Pressboard Covers with Storage Hooks, 9 1/2\"" x 11\"", Light Blue",66
Wilson Jones Easy Flow II Sheet Lifters,66
"Wilson Jones Ledger-Size, Piano-Hinge Binder, 2\"", Blue",66
Carina Double Wide Media Storage Towers in Natural & Black,66
"GBC Standard Recycled Report Covers, Clear Plastic Sheets",66
Avery Durable Binders,66
GBC Standard Therm-A-Bind Covers,65
Bretford Rectangular Conference Table Tops,65
Staple-based wall hangings,59
Avery Binding System Hidden Tab Executive Style Index Sets,55
Tennsco 6- and 18-Compartment Lockers,55
Xerox 1893,55
Crayola Colored Pencils,55
GBC DocuBind TL300 Electric Binding System,55
Fellowes Officeware Wire Shelving,55
Acco Perma 4000 Stacking Storage Drawers,55
"Acco Pressboard Covers with Storage Hooks, 14 7/8\"" x 11\"", Light Blue",55
Vinyl Sectional Post Binders,55
GBC VeloBind Cover Sets,55
Geemarc AmpliPOWER60,55
Newell 312,55
Avery Self-Adhesive Photo Pockets for Polaroid Photos,55
Satellite Sectional Post Binders,55
Xerox 226,55
Xerox 1898,55
Newell 333,55
Global Ergonomic Managers Chair,55
Acco Perma 3000 Stacking Storage Drawers,55
Adjustable Depth Letter/Legal Cart,55
Aluminum Screw Posts,55
Poly String Tie Envelopes,55
SanDisk Ultra 32 GB MicroSDHC Class 10 Memory Card,55
Maxell 4.7GB DVD-R,55
"Avery 4027 File Folder Labels for Dot Matrix Printers, 5000 Labels per Box, White",55
Sterilite Officeware Hinged File Box,54
Avery 499,54
DMI Arturo Collection Mission-style Design Wood Chair,54
Staple remover,49
Eldon Wave Desk Accessories,46
"Tenex Personal Project File with Scoop Front Design, Black",45
Xerox 191,45
Advantus Rolling Storage Box,45
DXL Angle-View Binders with Locking Rings by Samsill,45
"Gould Plastics 18-Pocket Panel Bin, 34w x 5-1/4d x 20-1/2h",45
"Acco Data Flex Cable Posts For Top & Bottom Load Binders, 6\"" Capacity",45
I Need's 3d Hello Kitty Hybrid Silicone Case Cover for HTC One X 4g with 3d Hello Kitty Stylus Pen Green/pink,45
"Adams Telephone Message Book W/Dividers/Space For Phone Numbers, 5 1/4\""X8 1/2\"", 300/Messages",45
"Fellowes Mobile File Cart, Black",45
"Fellowes Twister Kit, Gray/Clear, 3/pkg",45
"Holmes Replacement Filter for HEPA Air Cleaner, Very Large Room, HEPA Filter",45
GBC Prestige Therm-A-Bind Covers,45
Microsoft Sculpt Comfort Mouse,45
Plantronics CS510 - Over-the-Head monaural Wireless Headset System,45
Standard Rollaway File with Lock,45
"Logitech B530 USB Headset - headset - Full size, Binaural",45
GBC DocuBind P50 Personal Binding Machine,45
Advantus Plastic Paper Clips,45
Hon Olson Stacker Stools,45
"DAX Value U-Channel Document Frames, Easel Back",45
"Hunt PowerHouse Electric Pencil Sharpener, Blue",45
"SAFCO Commercial Wire Shelving, Black",45
Premium Transparent Presentation Covers by GBC,45
DMI Eclipse Executive Suite Bookcases,45
AT&T 17929 Lendline Telephone,45
Longer-Life Soft White Bulbs,45
Belkin 5 Outlet SurgeMaster Power Centers,45
Fellowes PB500 Electric Punch Plastic Comb Binding Machine with Manual Bind,45
Fellowes Bases and Tops For Staxonsteel/High-Stak Systems,45
Avery 476,45
Pyle PMP37LED,45
GBC Twin Loop Wire Binding Elements,45
Wilson Jones Century Plastic Molded Ring Binders,45
"Eaton Premium Continuous-Feed Paper, 25% Cotton, Letter Size, White, 1000 Shts/Box",45
Avery Heavy-Duty EZD View Binder with Locking Rings,45
"Cardinal Slant-D Ring Binder, Heavy Gauge Vinyl",45
"Global Leather Highback Executive Chair with Pneumatic Height Adjustment, Black",45
"Acco Flexible ACCOHIDE Square Ring Data Binder, Dark Blue, 11 1/2\"" X 14\"" 7/8\""",45
"Wilson Jones 1\"" Hanging DublLock Ring Binders",45
Hon Every-Day Series Multi-Task Chairs,45
Acme Value Line Scissors,45
Ibico Standard Transparent Covers,45
"XtraLife ClearVue Slant-D Ring Binder, White, 3\""",45
SAFCO Boltless Steel Shelving,45
Pressboard Hanging Data Binders for Unburst Sheets,45
Global Deluxe Steno Chair,45
Nortel Meridian M3904 Professional Digital phone,45
O'Sullivan Living Dimensions 2-Shelf Bookcases,45
"Angle-D Binders with Locking Rings, Label Holders",45
Wilson Electronics DB Pro Signal Booster,45
GBC Plastic Binding Combs,45
"Belkin 19\"" Vented Equipment Shelf, Black",44
Xerox 1932,44
"Global Value Steno Chair, Gray",44
"Master Caster Door Stop, Brown",36
"Global Push Button Manager's Chair, Indigo",36
"Wirebound Message Books, Four 2 3/4\"" x 5\"" Forms per Page, 600 Sets per Book",36
SanDisk Cruzer 64 GB USB Flash Drive,36
Strathmore Photo Mount Cards,36
Sony Micro Vault Click 16 GB USB 2.0 Flash Drive,36
GBC Ibimaster 500 Manual ProClick Binding System,36
Newell 345,36
Tuff Stuff Recycled Round Ring Binders,36
Global Commerce Series High-Back Swivel/Tilt Chairs,36
Fellowes Basic Home/Office Series Surge Protectors,36
Xerox 214,36
Xerox 1919,36
Digium D40 VoIP phone,36
"Premier Elliptical Ring Binder, Black",36
Xerox 225,36
"Cardinal HOLDit! Binder Insert Strips,Extra Strips",36
Acco 3-Hole Punch,36
Fellowes Super Stor/Drawer Files,36
"Acco Pressboard Covers with Storage Hooks, 9 1/2\"" x 11\"", Executive Red",36
Sony 64GB Class 10 Micro SDHC R40 Memory Card,36
"GBC Twin Loop Wire Binding Elements, 9/16\"" Spine, Black",36
Hon GuestStacker Chair,36
X-Rack File for Hanging Folders,36
Hon 61000 Series Interactive Training Tables,36
"Office Star - Contemporary Task Swivel chair with Loop Arms, Charcoal",36
Alphabetical Labels for Top Tab Filing,36
Newell 35,36
Wilson Jones Impact Binders,36
Cisco SPA301,36
Belkin 6 Outlet Metallic Surge Strip,36
"Lesro Sheffield Collection Coffee Table, End Table, Center Table, Corner Table",36
Logitech Trackman Marble Mouse,36
"Avery Durable Slant Ring Binders, No Labels",36
Acco D-Ring Binder w/DublLock,36
Security-Tint Envelopes,36
"Deflect-o EconoMat Studded, No Bevel Mat for Low Pile Carpeting",36
"Fellowes Personal Hanging Folder Files, Navy",36
Novimex Fabric Task Chair,36
Plantronics Audio 478 Stereo USB Headset,36
Logitech G700s Rechargeable Gaming Mouse,36
"Wilson Jones Clip & Carry Folder Binder Tool for Ring Binders, Clear",36
"Acco Six-Outlet Power Strip, 4' Cord Length",36
Eldon Portable Mobile Manager,36
Mitel MiVoice 5330e IP Phone,36
Tennsco Commercial Shelving,36
Cisco Unified IP Phone 7945G VoIP phone,36
Xerox 1909,36
"BOSTON Ranger #55 Pencil Sharpener, Black",36
Chromcraft Rectangular Conference Tables,36
Recycled Easel Ring Binders,36
Wilson Jones Legal Size Ring Binders,36
"Bush Andora Bookcase, Maple/Graphite Gray Finish",36
Avery Hole Reinforcements,36
Global Highback Leather Tilter in Burgundy,36
High-Back Leather Manager's Chair,36
GE 30524EE4,36
Westinghouse Clip-On Gooseneck Lamps,36
"Global Airflow Leather Mesh Back Chair, Black",36
Fellowes Superior 10 Outlet Split Surge Protector,36
Tennsco Industrial Shelving,36
Fellowes PB200 Plastic Comb Binding Machine,36
"Dual Level, Single-Width Filing Carts",36
Jabra SPEAK 410,36
Ibico Plastic and Wire Spiral Binding Combs,36
"Global Fabric Manager's Chair, Dark Gray",36
Avery 486,36
Logitech G602 Wireless Gaming Mouse,36
Fellowes Black Plastic Comb Bindings,36
Global Troy Executive Leather Low-Back Tilter,36
"Decoflex Hanging Personal Folder File, Blue",36
Xerox 1915,36
Motorola HK250 Universal Bluetooth Headset,36
Binding Machine Supplies,36
Avery 474,35
Avery Durable Slant Ring Binders With Label Holder,35
"Bush Westfield Collection Bookcases, Medium Cherry Finish",35
Xerox 1988,35
"#10- 4 1/8\"" x 9 1/2\"" Recycled Envelopes",29
Polycom VVX 310 VoIP phone,28
Xerox 4200 Series MultiUse Premium Copy Paper (20Lb. and 84 Bright),28
Xerox 1993,28
"Carina 42\""Hx23 3/4\""W Media Storage Unit",28
"Padded Folding Chairs, Black, 4/Carton",28
"Atlantic Metals Mobile 5-Shelf Bookcases, Custom Colors",28
Eldon Shelf Savers Cubes and Bins,28
Nontoxic Chalk,28
Acme Forged Steel Scissors with Black Enamel Handles,28
Logitech G600 MMO Gaming Mouse,28
"Ampad Gold Fibre Wirebound Steno Books, 6\"" x 9\"", Gregg Ruled",28
GBC Imprintable Covers,28
Ibico Ibimaster 300 Manual Binding System,28
Aastra 6757i CT Wireless VoIP phone,28
Xerox 196,28
C-Line Cubicle Keepers Polyproplyene Holder With Velcro Backings,28
Cardinal EasyOpen D-Ring Binders,28
Case Logic 2.4GHz Wireless Keyboard,28
"Wilson Jones Elliptical Ring 3 1/2\"" Capacity Binders, 800 sheets",28
Great White Multi-Use Recycled Paper (20Lb. and 84 Bright),28
Acco Suede Grain Vinyl Round Ring Binder,28
Avery 518,28
WD My Passport Ultra 2TB Portable External Hard Drive,28
Global Deluxe High-Back Manager's Chair,28
Tennsco Single-Tier Lockers,28
Bevis 36 x 72 Conference Tables,28
Insertable Tab Post Binder Dividers,28
Safco Industrial Wire Shelving System,28
Recycled Pressboard Report Cover with Reinforced Top Hinge,28
Bestar Classic Bookcase,28
GBC Standard Plastic Binding Systems' Combs,28
"Acco Pressboard Covers with Storage Hooks, 14 7/8\"" x 11\"", Executive Red",28
Xerox 1931,28
Xerox 1887,28
"Lesro Round Back Collection Coffee Table, End Table",28
GBC Durable Plastic Covers,28
Eldon Simplefile Box Office,28
KI Conference Tables,28
Assorted Color Push Pins,28
Catalog Binders with Expanding Posts,28
Avery Poly Binder Pockets,28
Avery Fluorescent Highlighter Four-Color Set,28
GBC DocuBind 300 Electric Binding Machine,28
Xerox 1949,28
Compact Automatic Electric Letter Opener,28
Premier Electric Letter Opener,28
Acco Translucent Poly Ring Binders,28
Pressboard Data Binders by Wilson Jones,28
VTech DS6151,28
"Perma STOR-ALL Hanging File Box, 13 1/8\""W x 12 1/4\""D x 10 1/2\""H",28
"LF Elite 3D Dazzle Designer Hard Case Cover, Lf Stylus Pen and Wiper For Apple Iphone 5c Mini Lite",28
Belkin F8E887 USB Wired Ergonomic Keyboard,28
Novimex Swivel Fabric Task Chair,28
"Personal Filing Tote with Lid, Black/Gray",28
Prang Dustless Chalk Sticks,28
Office Star - Professional Matrix Back Chair with 2-to-1 Synchro Tilt and Mesh Fabric Seat,28
GBC Recycled VeloBinder Covers,28
Cardinal Holdit Business Card Pockets,28
Heavy-Duty E-Z-D Binders,28
Ibico Laser Imprintable Binding System Covers,28
"#10- 4 1/8\"" x 9 1/2\"" Security-Tint Envelopes",28
Stockwell Push Pins,28
Memorex Froggy Flash Drive 8 GB,28
DAX Black Cherry Wood-Tone Poster Frame,28
3M Hangers With Command Adhesive,28
Xerox 1997,28
Xerox 1978,28
SpineVue Locking Slant-D Ring Binders by Cardinal,28
"GBC Pre-Punched Binding Paper, Plastic, White, 8-1/2\"" x 11\""",28
GBC VeloBinder Manual Binding System,28
Xerox 1884,28
Wilson Jones Standard D-Ring Binders,28
APC 7 Outlet Network SurgeArrest Surge Protector,28
"DAX Two-Tone Rosewood/Black Document Frame, Desktop, 5 x 7",28
Prestige Round Ring Binders,28
Belkin F9H710-06 7 Outlet SurgeMaster Surge Protector,28
Storex DuraTech Recycled Plastic Frosted Binders,28
Newell 319,28
HON 5400 Series Task Chairs for Big and Tall,28
"Dot Matrix Printer Tape Reel Labels, White, 5000/Box",28
Xerox 1945,28
"Boston Electric Pencil Sharpener, Model 1818, Charcoal Black",28
4009 Highlighters by Sanford,28
"Global Armless Task Chair, Royal Blue",28
Xerox 188,28
Acrylic Self-Standing Desk Frames,28
Fellowes High-Stak Drawer Files,28
9-3/4 Diameter Round Wall Clock,28
Xerox 202,28
"Vinyl Coated Wire Paper Clips in Organizer Box, 800/Box",28
Toshiba IPT2010-SD IP Telephone,28
"SimpliFile Personal File, Black Granite, 15w x 6-15/16d x 11-1/4h",28
"Eldon 200 Class Desk Accessories, Black",28
Fellowes Stor/Drawer Steel Plus Storage Drawers,28
Memorex Micro Travel Drive 8 GB,28
Rogers Deluxe File Chest,28
Space Solutions HD Industrial Steel Shelving.,28
"Global Leather Task Chair, Black",28
Imation 8gb Micro Traveldrive Usb 2.0 Flash Drive,28
Logitech Gaming G510s - Keyboard,28
Xerox 220,28
"SAFCO Mobile Desk Side File, Wire Frame",28
"REDIFORM Incoming/Outgoing Call Register, 11\"" X 8 1/2\"", 100 Messages",28
Hon 4070 Series Pagoda Armless Upholstered Stacking Chairs,28
Fellowes Bankers Box Staxonsteel Drawer File/Stacking System,28
Ideal Clamps,28
Holmes Odor Grabber,28
"Adams Phone Message Book, 200 Message Capacity, 8 1/16” x 11”",28
Sensible Storage WireTech Storage Systems,28
Cameo Buff Policy Envelopes,28
GuestStacker Chair with Chrome Finish Legs,28
Razer Kraken PRO Over Ear PC and Music Headset,28
"Performers Binder/Pad Holder, Black",28
Xerox 217,28
Newell 311,28
Harbour Creations 67200 Series Stacking Chairs,28
Hewlett Packard LaserJet 3310 Copier,28
"Global Leather and Oak Executive Chair, Black",28
Logitech Wireless Marathon Mouse M705,28
Samsung Rugby III,28
White Computer Printout Paper by Universal,28
Acco 6 Outlet Guardian Premium Surge Suppressor,28
"Bevis Oval Conference Table, Walnut",28
"Atlantic Metals Mobile 3-Shelf Bookcases, Custom Colors",28
Maxell LTO Ultrium - 800 GB,28
Tensor Computer Mounted Lamp,28
"Bush Heritage Pine Collection 5-Shelf Bookcase, Albany Pine Finish, *Special Order",28
"GE 48\"" Fluorescent Tube, Cool White Energy Saver, 34 Watts, 30/Box",28
Avery 485,28
Global Low Back Tilter Chair,28
Avery 501,28
Xerox 195,28
Xerox 216,28
12-1/2 Diameter Round Wall Clock,28
Avery Reinforcements for Hole-Punch Pages,28
Xerox 227,28
Honeywell Enviracaire Portable HEPA Air Cleaner for 17' x 22' Room,28
Ibico EB-19 Dual Function Manual Binding System,28
Bretford CR4500 Series Slim Rectangular Table,28
Surelock Post Binders,28
Presstex Flexible Ring Binders,28
Accohide Poly Flexible Ring Binders,28
GBC DocuBind P100 Manual Binding Machine,28
OtterBox Defender Series Case - Samsung Galaxy S4,28
Harbour Creations Steel Folding Chair,28
Safco Contoured Stacking Chairs,28
"Acme 10\"" Easy Grip Assistive Scissors",28
OIC Bulk Pack Metal Binder Clips,28
Maxell 4.7GB DVD-RW 3/Pack,28
Xerox 1996,27
Prang Drawing Pencil Set,27
Letter Size Cart,27
Iceberg Mobile Mega Data/Printer Cart ,27
Staple magnet,24
Staple holder,22
"Belkin 325VA UPS Surge Protector, 6'",21
"Master Caster Door Stop, Large Neon Orange",21
Avery Premier Heavy-Duty Binder with Round Locking Rings,21
Clear Mylar Reinforcing Strips,21
Xerox 1895,21
Panasonic Kx-TS550,21
Poly Designer Cover & Back,21
Fellowes Neat Ideas Storage Cubes,21
Ultra Door Push Plate,21
"Tennsco Stur-D-Stor Boltless Shelving, 5 Shelves, 24\"" Deep, Sand",21
Acco Hanging Data Binders,21
Hon 5100 Series Wood Tables,21
Avery 487,21
Avery Recycled Flexi-View Covers for Binding Systems,21
"Boston School Pro Electric Pencil Sharpener, 1670",21
Xerox 1952,21
GBC Wire Binding Combs,21
Xerox 1891,21
"GBC Velobind Prepunched Cover Sets, Regency Series",21
Brother DCP1000 Digital 3 in 1 Multifunction Machine,21
"GBC White Gloss Covers, Plain Front",21
Dana Swing-Arm Lamps,21
"Avery Address/Shipping Labels for Typewriters, 4\"" x 2\""",21
Bush Advantage Collection Racetrack Conference Table,21
Newell 324,21
Xerox 1962,21
invisibleSHIELD by ZAGG Smudge-Free Screen Protector,21
Avery Hidden Tab Dividers for Binding Systems,21
Office Star Flex Back Scooter Chair with White Frame,21
AT&T 841000 Phone,21
"Commercial WindTunnel Clean Air Upright Vacuum, Replacement Belts, Filtration Bags",21
DIXON Ticonderoga Erasable Checking Pencils,21
"Rogers Jumbo File, Granite",21
"Elite 5\"" Scissors",21
Mediabridge Sport Armband iPhone 5s,21
"Premium Writing Pencils, Soft, #2 by Central Association for the Blind",21
"Tyvek  Top-Opening Peel & Seel Envelopes, Plain White",21
Newell 310,21
Newell 343,21
"C-Line Magnetic Cubicle Keepers, Clear Polypropylene",21
Plantronics MX500i Earset,21
Panasonic KX-TG6844B Expandable Digital Cordless Telephone,21
Xerox 1999,21
Xerox 21,21
"SlimView Poly Binder, 3/8\""",21
Wilson Jones Custom Binder Spines & Labels,21
"Sauder Camden County Collection Libraries, Planked Cherry Finish",21
Newell 347,21
Office Star - Mesh Screen back chair with Vinyl seat,21
"OIC #2 Pencils, Medium Soft",21
"Wirebound Message Book, 4 per Page",21
OIC Binder Clips,21
Office Star - Ergonomically Designed Knee Chair,21
"Iceberg OfficeWorks 42\"" Round Tables",21
"Acco 7-Outlet Masterpiece Power Center, Wihtout Fax/Phone Line Protection",21
"Trav-L-File Heavy-Duty Shuttle II, Black",21
Newell 317,21
"Acme Hot Forged Carbon Steel Scissors with Nickel-Plated Handles, 3 7/8\"" Cut, 8\""L",21
Vtech CS6719,21
SANFORD Major Accent Highlighters,21
Samsung HM1900 Bluetooth Headset,21
Peel & Stick Add-On Corner Pockets,21
Xerox 1906,21
"Fellowes Strictly Business Drawer File, Letter/Legal Size",21
Prang Colored Pencils,21
"Eberhard Faber 3 1/2\"" Golf Pencils",21
Avery 505,21
Logitech MX Performance Wireless Mouse,21
"Adams Phone Message Book, Professional, 400 Message Capacity, 5 3/6” x 11”",21
GBC Personal VeloBind Strips,21
Newell 341,21
Newell Chalk Holder,21
Global Commerce Series Low-Back Swivel/Tilt Chairs,21
"Global Deluxe Stacking Chair, Gray",21
"Square Ring Data Binders, Rigid 75 Pt. Covers, 11\"" x 14-7/8\""",21
Tenex B1-RE Series Chair Mats for Low Pile Carpets,21
"Premium Transparent Presentation Covers, No Pattern/Clear, 8 1/2\"" x 11\""",21
"Computer Room Manger, 14\""",21
Deluxe Heavy-Duty Vinyl Round Ring Binder,21
"Tenex \""The Solids\"" Textured Chair Mats",21
Newell 314,21
GBC Plasticlear Binding Covers,21
Belkin Premiere Surge Master II 8-outlet surge protector,21
Deflect-o Glass Clear Studded Chair Mats,21
Belkin F5C206VTEL 6 Outlet Surge,21
Martin-Yale Premier Letter Opener,21
Panasonic KX TS3282W Corded phone,21
Wilson Jones International Size A4 Ring Binders,21
Boston 1645 Deluxe Heavier-Duty Electric Pencil Sharpener,21
Global Leather Executive Chair,21
"Global Geo Office Task Chair, Gray",21
"Tenex File Box, Personal Filing Tote with Lid, Black",21
Razer Tiamat Over Ear 7.1 Surround Sound PC Gaming Headset,21
Eldon 200 Class Desk Accessories,21
Globe Weis Peel & Seel First Class Envelopes,21
Xerox 222,21
Self-Adhesive Address Labels for Typewriters by Universal,21
Stackable Trays,21
Dixon Ticonderoga Core-Lock Colored Pencils,21
"Adams Telephone Message Book w/Frequently-Called Numbers Space, 400 Messages per Book",21
"GE General Purpose, Extra Long Life, Showcase & Floodlight Incandescent Bulbs",21
Avanti 4.4 Cu. Ft. Refrigerator,21
Acme Office Executive Series Stainless Steel Trimmers,21
"#10 White Business Envelopes,4 1/8 x 9 1/2",21
AT&T CL2909,21
"Global Stack Chair with Arms, Black",21
Newell 34,21
GBC ProClick Punch Binding System,21
Ibico Presentation Index for Binding Systems,21
"Avery Hi-Liter Comfort Grip Fluorescent Highlighter, Yellow Ink",21
Nu-Dell Float Frame 11 x 14 1/2,21
Fiskars Softgrip Scissors,21
BIC Brite Liner Highlighters,21
Panasonic KX T7731-B Digital phone,21
netTALK DUO VoIP Telephone Service,21
Eldon ProFile File 'N Store Portable File Tub Letter/Legal Size Black,21
"Global Stack Chair without Arms, Black",21
Manco Dry-Lighter Erasable Highlighter,21
Panasonic KX-TG9471B,21
Binder Clips by OIC,21
Hon 2111 Invitation Series Straight Table,21
Kensington 4 Outlet MasterPiece Compact Power Control Center,21
Xerox 212,21
"Tenex 46\"" x 60\"" Computer Anti-Static Chairmat, Rectangular Shaped",21
Hewlett Packard 610 Color Digital Copier / Printer,21
Office Star - Contemporary Swivel Chair with Padded Adjustable Arms and Flex Back,21
Aastra 57i VoIP phone,21
"DAX Charcoal/Nickel-Tone Document Frame, 5 x 7",21
Prismacolor Color Pencil Set,21
"GBC Prepunched Paper, 19-Hole, for Binding Systems, 24-lb",21
Rogers Profile Extra Capacity Storage Tub,21
Fellowes Staxonsteel Drawer Files,21
Computer Printout Paper with Letter-Trim Perforations,21
Newell 351,21
Sharp 1540cs Digital Laser Copier,21
Imation Clip USB flash drive - 8 GB,21
"Binney & Smith Crayola Metallic Colored Pencils, 8-Color Set",21
"Avery Durable Plastic 1\"" Binders",21
Space Solutions Commercial Steel Shelving,21
"Redi-Strip #10 Envelopes, 4 1/8 x 9 1/2",21
O'Sullivan 2-Door Barrister Bookcase in Odessa Pine,21
"Quartet Omega Colored Chalk, 12/Pack",21
"Executive Impressions 14\"" Contract Wall Clock",21
Plantronics Encore H101 Dual Earpieces Headset,21
"Executive Impressions 13\"" Chairman Wall Clock",21
Boston KS Multi-Size Manual Pencil Sharpener,21
Belkin 8 Outlet Surge Protector,21
"OIC Colored Binder Clips, Assorted Sizes",21
3M Organizer Strips,21
Home/Office Personal File Carts,21
"Wilson Jones Hanging View Binder, White, 1\""",21
"Eldon Base for stackable storage shelf, platinum",21
Rogers Handheld Barrel Pencil Sharpener,21
Wireless Extenders zBoost YX545 SOHO Signal Booster,21
Self-Adhesive Removable Labels,21
Logitech Wireless Performance Mouse MX for PC and Mac,21
AT&T 1080 Corded phone,21
"Lifetime Advantage Folding Chairs, 4/Carton",21
"Acco PRESSTEX Data Binder with Storage Hooks, Dark Blue, 14 7/8\"" X 11\""",21
Square Credit Card Reader,21
Xerox 1900,21
Hon 4070 Series Pagoda Round Back Stacking Chairs,21
"Neat Ideas Personal Hanging Folder Files, Black",21
Xerox 1883,21
"Southworth 100% Résumé Paper, 24lb.",21
"Blue String-Tie & Button Interoffice Envelopes, 10 x 13",21
"Avery Trapezoid Ring Binder, 3\"" Capacity, Black, 1040 sheets",21
"Crayola Anti Dust Chalk, 12/Pack",21
Newell 320,21
Stanley Bostitch Contemporary Electric Pencil Sharpeners,21
Fellowes Bankers Box Recycled Super Stor/Drawer,21
Lock-Up Easel 'Spel-Binder',21
Advantus Push Pins,21
"Howard Miller 13\"" Diameter Pewter Finish Round Wall Clock",21
NETGEAR N750 Dual Band Wi-Fi Gigabit Router,21
Hypercom P1300 Pinpad,21
O'Sullivan 4-Shelf Bookcase in Odessa Pine,21
Peel-Off China Markers,21
"Dixon Prang Watercolor Pencils, 10-Color Set with Brush",21
Kingston Digital DataTraveler 32GB USB 2.0,21
"Wirebound Message Books, Four 2 3/4 x 5 White Forms per Page",21
Crate-A-Files,21
Global Super Steno Chair,21
Tuf-Vin Binders,21
"File Shuttle II and Handi-File, Black",21
Economy Rollaway Files,20
SanDisk Ultra 16 GB MicroSDHC Class 10 Memory Card,20
"Fellowes Premier Superior Surge Suppressor, 10-Outlet, With Phone and Remote",20
Ibico Covers for Plastic or Wire Binding Elements,20
Things To Do Today Pad,20
Staples in misc. colors,18
Fellowes Advanced Computer Series Surge Protectors,15
Coloredge Poster Frame,15
ClearSounds CSC500 Amplified Spirit Phone Corded phone,15
"Linden 10\"" Round Wall Clock, Black",15
Akro Stacking Bins,15
GBC DocuBind P400 Electric Binding System,15
Hon 2090 “Pillow Soft” Series Mid Back Swivel/Tilt Chairs,15
Bevis Boat-Shaped Conference Table,15
Tenex Chairmats For Use with Hard Floors,15
Lumber Crayons,15
"Gould Plastics 9-Pocket Panel Bin, 18-3/8w x 5-1/4d x 20-1/2h, Black",15
Kensington K72356US Mouse-in-a-Box USB Desktop Mouse,15
Telescoping Adjustable Floor Lamp,15
Logitech Wireless Gaming Headset G930,15
Xerox 1977,15
Zebra Zazzle Fluorescent Highlighters,15
Belkin Standard 104 key USB Keyboard,15
Cush Cases Heavy Duty Rugged Cover Case for Samsung Galaxy S5 - Purple,15
"Message Book, Wirebound, Four 5 1/2\"" X 4\"" Forms/Pg., 200 Dupl. Sets/Book",15
Martin Yale Chadless Opener Electric Letter Opener,15
"Eldon Delta Triangular Chair Mat, 52\"" x 58\"", Clear",15
Iris Project Case,15
Global Comet Stacking Armless Chair,15
SanDisk Cruzer 32 GB USB Flash Drive,15
Global Deluxe Office Fabric Chairs,15
Avery 49,15
Bevis Steel Folding Chairs,15
Newell 344,15
Xerox 1951,15
Bretford CR8500 Series Meeting Room Furniture,15
KeyTronic E03601U1 - Keyboard - Beige,15
Holmes HEPA Air Purifier,15
Newell 322,15
Avery Durable Poly Binders,15
Avery 519,15
"Iceberg Nesting Folding Chair, 19w x 6d x 43h",15
Permanent Self-Adhesive File Folder Labels for Typewriters by Universal,15
Avery Metallic Poly Binders,15
WD My Passport Ultra 1TB Portable External Hard Drive,15
"Eldon 400 Class Desk Accessories, Black Carbon",15
Xerox 1942,15
Newell 350,15
36X48 HARDFLOOR CHAIRMAT,15
Wilson SignalBoost 841262 DB PRO Amplifier Kit,15
Panasonic KX TS208W Corded phone,15
O'Sullivan Living Dimensions 5-Shelf Bookcases,15
Enermax Acrylux Wireless Keyboard,15
Polycom SoundPoint IP 450 VoIP phone,15
Avery 473,15
Magna Visual Magnetic Picture Hangers,15
"Leather Task Chair, Black",15
"Howard Miller 11-1/2\"" Diameter Ridgewood Wall Clock",15
Samsung Galaxy Mega 6.3,15
Hoover Upright Vacuum With Dirt Cup,15
Electrix Halogen Magnifier Lamp,15
Stacking Trays by OIC,15
Avery Hanging File Binders,15
Mophie Juice Pack Helium for iPhone,15
Round Ring Binders,15
"Atlantic Metals Mobile 4-Shelf Bookcases, Custom Colors",15
Micro Innovations USB RF Wireless Keyboard with Mouse,15
Avery Hi-Liter Smear-Safe Highlighters,15
3-ring staple pack,15
"Chromcraft Bull-Nose Wood 48\"" x 96\"" Rectangular Conference Tables",15
"Chromcraft Bull-Nose Wood Round Conference Table Top, Wood Base",15
"Bush Westfield Collection Bookcases, Fully Assembled",15
Nortel Networks T7316 E Nt8 B27,15
Avery 52,15
"Seth Thomas 14\"" Day/Date Wall Clock",15
Advantus Map Pennant Flags and Round Head Tacks,15
Boston Home & Office Model 2000 Electric Pencil Sharpeners,15
Angle-D Ring Binders,15
Motorola L804,15
"Acco Four Pocket Poly Ring Binder with Label Holder, Smoke, 1\""",15
Xerox 1970,15
Office Star Flex Back Scooter Chair with Aluminum Finish Frame,15
Canon PC-428 Personal Copier,15
"BIC Brite Liner Highlighters, Chisel Tip",15
"Avery 3 1/2\"" Diskette Storage Pages, 10/Pack",15
Avery Printable Repositionable Plastic Tabs,15
"Eldon Expressions Desk Accessory, Wood Photo Frame, Mahogany",15
Fellowes Mighty 8 Compact Surge Protector,15
"Eureka Recycled Copy Paper 8 1/2\"" x 11\"", Ream",15
G.E. Longer-Life Indoor Recessed Floodlight Bulbs,15
Advantus Rolling Drawer Organizers,15
JBL Micro Wireless Portable Bluetooth Speaker,15
Newell 315,15
Anker 36W 4-Port USB Wall Charger Travel Power Adapter for iPhone 5s 5c 5,15
Xerox 210,15
"Tennsco Snap-Together Open Shelving Units, Starter Sets and Add-On Units",15
Avery 511,15
Dax Clear Box Frame,15
"Eldon Spacemaker Box, Quick-Snap Lid, Clear",15
Portable Personal File Box,15
Avery 508,15
Global Chrome Stack Chair,15
Novimex Turbo Task Chair,15
Panasonic KP-380BK Classic Electric Pencil Sharpener,15
Hon 4700 Series Mobuis Mid-Back Task Chairs with Adjustable Arms,15
Boston 16801 Nautilus Battery Pencil Sharpener,15
"Sortfiler Multipurpose Personal File Organizer, Black",15
Newell 325,15
Xerox 1903,15
Imation Secure Drive + Hardware Encrypted USB flash drive - 16 GB,15
Tripp Lite TLP810NET Broadband Surge for Modem/Fax,15
Avery Heavy-Duty EZD  Binder With Locking Rings,15
Xerox 1925,15
JM Magazine Binder,15
Airmail Envelopes,15
Honeywell Quietcare HEPA Air Cleaner,15
Xerox 189,15
Acco Hot Clips Clips to Go,15
Tops Wirebound Message Log Books,15
Avery 494,15
Xerox 1991,15
"Global Manager's Adjustable Task Chair, Storm",15
"Wirebound Message Books, Four 2 3/4 x 5 Forms per Page, 200 Sets per Book",15
Acme Box Cutter Scissors,15
Memorex Mini Travel Drive 16 GB USB 2.0 Flash Drive,15
Xerox 224,15
"Safco Value Mate Series Steel Bookcases, Baked Enamel Finish on Steel, Gray",15
"Executive Impressions 12\"" Wall Clock",15
Eldon Gobal File Keepers,15
"Hon Practical Foundations 30 x 60 Training Table, Light Gray/Charcoal",15
SanDisk Ultra 64 GB MicroSDHC Class 10 Memory Card,15
Newell 334,15
Xerox 1960,15
Nu-Dell Executive Frame,15
Logitech Wireless Headset h800,15
Hon Comfortask Task/Swivel Chairs,15
"Xerox Color Copier Paper, 11\"" x 17\"", Ream",15
Black & Decker Filter for Double Action Dustbuster Cordless Vac BLDV7210,15
Advantus Panel Wall Certificate Holder - 8.5x11,15
Xerox 203,15
Apple iPhone 5,15
Tripp Lite Isotel 6 Outlet Surge Protector with Fax/Modem Protection,15
Bulldog Vacuum Base Pencil Sharpener,15
"Tenex Traditional Chairmats for Medium Pile Carpet, Standard Lip, 36\"" x 48\""",15
Kensington 6 Outlet Guardian Standard Surge Protector,15
"Floodlight Indoor Halogen Bulbs, 1 Bulb per Pack, 60 Watts",15
Wilson Jones Active Use Binders,15
"Recycled Data-Pak for Archival Bound Computer Printouts, 12-1/2 x 12-1/2 x 16",15
Howard Miller Distant Time Traveler Alarm Clock,15
BIC Liqua Brite Liner,15
BlackBerry Q10,15
"Chromcraft 48\"" x 96\"" Racetrack Double Pedestal Table",15
"BIC Brite Liner Grip Highlighters, Assorted, 5/Pack",15
Xerox 1995,15
Hon Racetrack Conference Tables,15
"IBM Multi-Purpose Copy Paper, 8 1/2 x 11\"", Case",15
Xerox 1959,15
Dana Halogen Swing-Arm Architect Lamp,15
"Permanent Self-Adhesive File Folder Labels for Typewriters, 1 1/8 x 3 1/2, White",15
Plantronics Cordless Phone Headset with In-line Volume - M214C,15
Convenience Packs of Business Envelopes,15
Xerox 192,15
"Eureka The Boss Plus 12-Amp Hard Box Upright Vacuum, Red",15
Recycled Eldon Regeneration Jumbo File,15
Memorex Micro Travel Drive 16 GB,15
Astroparche Fine Business Paper,15
Eldon Radial Chair Mat for Low to Medium Pile Carpets,15
"Master Big Foot Doorstop, Beige",15
Canvas Sectional Post Binders,15
Office Star - Contemporary Task Swivel Chair,15
"Avery Hi-Liter EverBold Pen Style Fluorescent Highlighters, 4/Pack",15
Wilson Jones Heavy-Duty Casebound Ring Binders with Metal Hinges,15
Kensington Expert Mouse Optical USB Trackball for PC or Mac,15
Cisco 8x8 Inc. 6753i IP Business Phone System,15
Xerox 23,15
"Wirebound Four 2-3/4 x 5 Forms per Page, 400 Sets per Book",15
Logitech Illuminated - Keyboard,15
Griffin GC17055 Auxiliary Audio Cable,15
Avery 483,15
American Pencil,15
Hewlett Packard 310 Color Digital Copier,15
"White Business Envelopes with Contemporary Seam, Recycled White Business Envelopes",15
Avery 488,15
"GBC Laser Imprintable Binding System Covers, Desert Sand",15
"It's Hot Message Books with Stickers, 2 3/4\"" x 5\""",15
Recycled Steel Personal File for Hanging File Folders,15
OIC Stacking Trays,15
GBC Recycled Regency Composition Covers,15
"Deflect-o DuraMat Lighweight, Studded, Beveled Mat for Low Pile Carpeting",15
Xerox 1957,15
Grandstream GXP1160 VoIP phone,15
Eureka The Boss Cordless Rechargeable Stick Vac,15
"Executive Impressions 14\"" Two-Color Numerals Wall Clock",15
Flexible Leather- Look Classic Collection Ring Binder,15
"Telephone Message Books with Fax/Mobile Section, 5 1/2\"" x 3 3/16\""",15
Euro-Pro Shark Turbo Vacuum,15
Round Specialty Laser Printer Labels,15
Xerox 1971,15
GBC Linen Binding Covers,15
O'Sullivan 2-Shelf Heavy-Duty Bookcases,15
Standard Line “While You Were Out” Hardbound Telephone Message Book,15
Logitech LS21 Speaker System - PC Multimedia - 2.1-CH - Wired,15
Acco 6 Outlet Guardian Premium Plus Surge Suppressor,15
Xerox 213,15
DIXON Oriole Pencils,15
Pizazz Global Quick File,15
Razer Kraken 7.1 Surround Sound Over Ear USB Gaming Headset,15
DAX Two-Tone Silver Metal Document Frame,15
Tenex Antistatic Computer Chair Mats,15
Motorola L703CM,15
Newell 3-Hole Punched Plastic Slotted Magazine Holders for Binders,15
"Personal Folder Holder, Ebony",15
GBC DocuBind TL200 Manual Binding Machine,15
Newell 348,15
"Tennsco Lockers, Gray",15
HP Standard 104 key PS/2 Keyboard,15
"1.7 Cubic Foot Compact \""Cube\"" Office Refrigerators",15
Logitech G35 7.1-Channel Surround Sound Headset,15
GBC Poly Designer Binding Covers,15
Innergie mMini Combo Duo USB Travel Charging Kit,15
24-Hour Round Wall Clock,15
Avery Round Ring Poly Binders,15
Fellowes PB300 Plastic Comb Binding Machine,15
Xerox 1944,15
Newell 32,15
"Deflect-o RollaMat Studded, Beveled Mat for Medium Pile Carpeting",15
"Carina Mini System Audio Rack, Model AR050B",15
Revere Boxed Rubber Bands by Revere,15
"Avery Framed View Binder, EZD Ring (Locking), Navy, 1 1/2\""",15
"BOSTON Model 1800 Electric Pencil Sharpeners, Putty/Woodgrain",15
Woodgrain Magazine Files by Perma,15
"Verbatim 25 GB 6x Blu-ray Single Layer Recordable Disc, 3/Pack",15
Avery 480,15
"Snap-A-Way Black Print Carbonless Ruled Speed Letter, Triplicate",15
Acme Tagit Stainless Steel Antibacterial Scissors,15
Newell 326,15
Hoover Shoulder Vac Commercial Portable Vacuum,15
Hon Multipurpose Stacking Arm Chairs,15
Logitech ClearChat Comfort/USB Headset H390,15
Samsung Galaxy S III - 16GB - pebble blue (T-Mobile),15
"Wirebound Message Books, Two 4 1/4\"" x 5\"" Forms per Page",15
"Bevis Round Conference Table Top, X-Base",15
Ultra Door Pull Handle,15
Eldon Mobile Mega Data Cart  Mega Stackable  Add-On Trays,15
Memorex Mini Travel Drive 64 GB USB 2.0 Flash Drive,15
"Avery Triangle Shaped Sheet Lifters, Black, 2/Pack",15
"Howard Miller 11-1/2\"" Diameter Grantwood Wall Clock",14
Southworth Parchment Paper & Envelopes,14
Binder Posts,14
Wi-Ex zBoost YX540 Cellular Phone Signal Booster,14
Global Executive Mid-Back Manager's Chair,14
Plantronics S12 Corded Telephone Headset System,14
"Acco Banker's Clasps, 5 3/4\""-Long",10
Logitech diNovo Edge Keyboard,10
Avoid Verbal Orders Carbonless Minifold Book,10
Xerox 1967,10
"Rediform Wirebound \""Phone Memo\"" Message Book, 11 x 5-3/4",10
NETGEAR AC1750 Dual Band Gigabit Smart WiFi Router,10
Xerox 231,10
Plastic Binding Combs,10
Polycom VoiceStation 500 Conference phone,10
"Verbatim 25 GB 6x Blu-ray Single Layer Recordable Disc, 25/Pack",10
Acme Elite Stainless Steel Scissors,10
SAFCO Optional Arm Kit for Workspace Cribbage Stacking Chair,10
Xerox 1885,10
Adtran 1202752G1,10
Smead Alpha-Z Color-Coded Second Alphabetical Labels and Starter Set,10
"Recycled Interoffice Envelopes with String and Button Closure, 10 x 13",10
DAX Cubicle Frames - 8x10,10
BIC Brite Liner Grip Highlighters,10
Cisco SPA508G,10
Ooma Telo VoIP Home Phone System,10
i.Sound Portable Power - 8000 mAh,10
"Eldon Expressions Punched Metal & Wood Desk Accessories, Black & Cherry",10
Harmony Air Purifier,10
Avery 489,10
"Advantus Employee of the Month Certificate Frame, 11 x 13-1/2",10
Smead Alpha-Z Color-Coded Name Labels First Letter Starter Set,10
Mobile Personal File Cube,10
"Riverside Palais Royal Lawyers Bookcase, Royale Cherry Finish",10
"Contico 72\""H Heavy-Duty Storage System",10
Super Decoflex Portable Personal File,10
Samsung Replacement EH64AVFWE Premium Headset,10
Xerox 1882,10
Belkin F9G930V10-GRY 9 Outlet Surge,10
Eldon Advantage Chair Mats for Low to Medium Pile Carpets,10
Steel Personal Filing/Posting Tote,10
Avery 492,10
"Eldon Image Series Desk Accessories, Ebony",10
Avery 51,10
"Verbatim 25 GB 6x Blu-ray Single Layer Recordable Disc, 10/Pack",10
Deflect-o DuraMat Antistatic Studded Beveled Mat for Medium Pile Carpeting,10
"Office Impressions End Table, 20-1/2\""H x 24\""W x 20\""D",10
"Ampad Phone Message Book, Recycled, 400 Message Capacity, 5 ¾” x 11”",10
Premier Automatic Letter Opener,10
Office Impressions Heavy Duty Welded Shelving & Multimedia Storage Drawers,10
"Speediset Carbonless Redi-Letter 7\"" x 8 1/2\""",10
Google Nexus 5,10
Xerox 1933,10
Xerox 1923,10
Green Bar Computer Printout Paper,10
Hon 94000 Series Round Tables,10
"Contract Clock, 14\"", Brown",10
"Executive Impressions 10\"" Spectator Wall Clock",10
Sterilite Show Offs Storage Containers,10
Imation 30456 USB Flash Drive 8GB,10
Polycom CX300 Desktop Phone USB VoIP phone,10
"iKross Bluetooth Portable Keyboard + Cell Phone Stand Holder + Brush for Apple iPhone 5S 5C 5, 4S 4",10
Colored Envelopes,10
Southworth 25% Cotton Antique Laid Paper & Envelopes,10
Cisco SPA 502G IP Phone,10
Regeneration Desk Collection,10
"Barricks 18\"" x 48\"" Non-Folding Utility Table with Bottom Storage Shelf",10
Luxo Professional Combination Clamp-On Lamps,10
50 Colored Long Pencils,10
Acme Titanium Bonded Scissors,10
Cisco SPA525G2 IP Phone - Wireless,10
First Data FD10 PIN Pad,10
Hon Non-Folding Utility Tables,10
Hanging Personal Folder File,10
Newell 309,10
Bevis Round Conference Table Top & Single Column Base,10
Insertable Tab Indexes For Data Binders,10
Belkin 7-Outlet SurgeMaster Home Series,10
Office Star - Mid Back Dual function Ergonomic High Back Chair with 2-Way Adjustable Arms,10
Electrix 20W Halogen Replacement Bulb for Zoom-In Desk Lamp,10
"Mini 13-1/2 Capacity Data Binder Rack, Pearl",10
Enermax Briskie RF Wireless Keyboard and Mouse Combo,10
"Acco Clips to Go Binder Clips, 24 Clips in Two Sizes",10
Staple-on labels,10
Newell 318,10
Safco Steel Mobile File Cart,10
"Eldon Stackable Tray, Side-Load, Legal, Smoke",10
Xerox 1975,10
Anker Astro 15000mAh USB Portable Charger,10
"Eureka Sanitaire  Multi-Pro Heavy-Duty Upright, Disposable Bags",10
Imation Secure+ Hardware Encrypted USB 2.0 Flash Drive; 16GB,10
Avery 512,10
"Rediform S.O.S. 1-Up Phone Message Bk, 4-1/4x3-1/16 Bk, 1 Form/Pg, 40 Messages/Bk, 3/Pk",10
Enermax Aurora Lite Keyboard,10
Xerox 1913,10
"O'Sullivan Elevations Bookcase, Cherry Finish",10
DAX Natural Wood-Tone Poster Frame,10
Southworth 25% Cotton Premium Laser Paper and Envelopes,10
Xerox 1941,10
Advantus T-Pin Paper Clips,10
XtraLife ClearVue Slant-D Ring Binders by Cardinal,10
Xerox 1939,10
"Eldon Expressions Wood and Plastic Desk Accessories, Oak",10
Safco Industrial Shelving,10
Xerox 230,10
"Multi-Use Personal File Cart and Caster Set, Three Stacking Bins",10
Canon Imageclass D680 Copier / Fax,10
Aluminum Document Frame,10
Wilson Jones data.warehouse D-Ring Binders with DublLock,10
"SAFCO PlanMaster Boards, 60w x 37-1/2d, White Melamine",10
"Eldon Expressions Wood and Plastic Desk Accessories, Cherry Wood",10
iHome FM Clock Radio with Lightning Dock,10
"Advantus Push Pins, Aluminum Head",10
"Eldon Regeneration Recycled Desk Accessories, Smoke",10
Kensington 7 Outlet MasterPiece Power Center,10
Sanford Liquid Accent Highlighters,10
Carina Media Storage Towers in Natural & Black,10
O'Sullivan 3-Shelf Heavy-Duty Bookcases,10
Tyvek Side-Opening Peel & Seel Expanding Envelopes,10
Acco 6 Outlet Guardian Standard Surge Suppressor,10
Microsoft Natural Ergonomic Keyboard 4000,10
Large Capacity Hanging Post Binders,10
Riverleaf Stik-Withit Designer Note Cubes,10
Xerox 1899,10
"DAX Contemporary Wood Frame with Silver Metal Mat, Desktop, 11 x 14 Size",10
G.E. Halogen Desk Lamp Bulbs,10
"Bravo II Megaboss 12-Amp Hard Body Upright, Replacement Belts, 2 Belts per Pack",10
"Acco PRESSTEX Data Binder with Storage Hooks, Light Blue, 9 1/2\"" X 11\""",10
"DAX Executive Solid Wood Document Frame, Desktop or Hang, Mahogany, 5 x 7",10
UniKeep View Case Binders,10
Eldon ClusterMat Chair Mat with Cordless Antistatic Protection,10
"Binney & Smith inkTank Desk Highlighter, Chisel Tip, Yellow, 12/Box",10
Xerox 209,10
iOttie HLCRIO102 Car Mount,10
"Metal Folding Chairs, Beige, 4/Carton",10
Brown Kraft Recycled Envelopes,10
Avery 481,10
Safco Commercial Shelving,10
Advantus Panel Wall Acrylic Frame,10
GBC Recycled Grain Textured Covers,10
Kensington 7 Outlet MasterPiece HOMEOFFICE Power Control Center,10
Laser & Ink Jet Business Envelopes,10
Logitech Mobile Speakerphone P710e - speaker phone,10
"White Envelopes, White Envelopes with Clear Poly Window",10
Plantronics Voyager Pro HD - Bluetooth Headset,10
Bose SoundLink Bluetooth Speaker,10
Canon imageCLASS 2200 Advanced Copier,10
Xerox 1905,10
Magnifier Swing Arm Lamp,10
Xerox 1972,10
Xerox 1930,10
Memorex Froggy Flash Drive 4 GB,10
Xerox 1968,10
Xerox 201,10
"Howard Miller 13-1/2\"" Diameter Rosebrook Wall Clock",10
Balt Split Level Computer Training Table,10
Samsung Galaxy S4 Mini,10
Panasonic KX T7736-B Digital phone,10
Newell 31,10
Hon Mobius Operator's Chair,10
"Global Leather & Oak Executive Chair, Burgundy",10
"DataProducts Ampli Magnifier Task Lamp, Black,",10
Logitech K350 2.4Ghz Wireless Keyboard,10
PureGear Roll-On Screen Protector,10
Okidata C331dn Printer,10
"Stur-D-Stor Shelving, Vertical 5-Shelf: 72\""H x 36\""W x 18 1/2\""D",10
Xerox 1914,10
GBC ProClick 150 Presentation Binding System,10
Deluxe Chalkboard Eraser Cleaner,10
"Hon Metal Bookcases, Black",10
Hunt Boston Vacuum Mount KS Pencil Sharpener,10
Imation 32GB Pocket Pro USB 3.0 Flash Drive - 32 GB - Black - 1 P ...,10
"Adams Telephone Message Books, 5 1/4” x 11”",10
Safco Industrial Wire Shelving,10
Boston Heavy-Duty Trimline Electric Pencil Sharpeners,10
Jawbone MINI JAMBOX Wireless Bluetooth Speaker,10
Anker Ultra-Slim Mini Bluetooth 3.0 Wireless Keyboard,10
Eldon Cleatmat Plus Chair Mats for High Pile Carpets,10
"Plantronics CS 50-USB - headset - Convertible, Monaural",10
GBC Instant Index System for Binding Systems,10
ClearOne CHATAttach 160 - speaker phone,10
Avery 520,10
BPI Conference Tables,10
Fellowes 8 Outlet Superior Workstation Surge Protector w/o Phone/Fax/Modem Protection,10
Newell 346,10
3.6 Cubic Foot Counter Height Office Refrigerator,10
Memorex Micro Travel Drive 32 GB,10
Deluxe Rollaway Locking File with Drawer,10
Xerox 1911,10
"Wirebound Service Call Books, 5 1/2\"" x 4\""",10
Bagged Rubber Bands,10
Nokia Lumia 521 (T-Mobile),10
"Rubbermaid ClusterMat Chairmats, Mat Size- 66\"" x 60\"", Lip 20\"" x 11\"" -90 Degree Angle",10
"TRENDnet 56K USB 2.0 Phone, Internet and Fax Modem",10
"Riverside Furniture Oval Coffee Table, Oval End Table, End Table with Drawer",10
"Tenex Personal Self-Stacking Standard File Box, Black/Gray",10
Global Comet Stacking Arm Chair,10
Universal Premium White Copier/Laser Paper (20Lb. and 87 Bright),10
Maxell 4.7GB DVD-R 5/Pack,10
"Adams \""While You Were Out\"" Message Pads",10
Cyber Acoustics AC-202b Speech Recognition Stereo Headset,10
Faber Castell Col-Erase Pencils,10
Multicolor Computer Printout Paper,10
"Tennsco Lockers, Sand",10
Xerox 1894,10
Luxo Economy Swing Arm Lamp,10
Colored Push Pins,10
"Seth Thomas 16\"" Steel Case Clock",10
GBC ProClick Spines for 32-Hole Punch,10
Xerox 218,10
"Belkin SportFit Armband For iPhone 5s/5c, Fuchsia",10
Tennsco 16-Compartment Lockers with Coat Rack,10
Eldon Image Series Black Desk Accessories,10
"Message Book, Phone, Wirebound Standard Line Memo, 2 3/4\"" X 5\""",10
Avery 513,10
Xerox 1934,10
Acme Kleen Earth Office Shears,10
"Hoover Replacement Belts For Soft Guard & Commercial Ltweight Upright Vacs, 2/Pk",10
Spigen Samsung Galaxy S5 Case Wallet,10
Logitech G105 Gaming Keyboard,10
Xerox 200,10
Xerox 1886,10
Adjustable Personal File Tote,10
Sauder Inglewood Library Bookcases,10
GBC Standard Plastic Binding Systems Combs,10
"Hon Metal Bookcases, Putty",10
AmazonBasics 3-Button USB Wired Mouse,10
Logitech VX Revolution Cordless Laser Mouse for Notebooks (Black),10
Belkin 8 Outlet SurgeMaster II Gold Surge Protector,10
"Eldon 200 Class Desk Accessories, Burgundy",10
Avery 490,10
Chromcraft Bull-Nose Wood Oval Conference Tables & Bases,10
PayAnywhere Card Reader,10
"Seth Thomas 13 1/2\"" Wall Clock",10
"Tyvek Interoffice Envelopes, 9 1/2\"" x 12 1/2\"", 100/Box",10
"Maxell 74 Minute CDR, 10/Pack",10
RCA Visys Integrated PBX 8-Line Router,10
Xerox 1927,10
"Memorex 25GB 6X Branded Blu-Ray Recordable Disc, 15/Pack",10
"Tenex Carpeted, Granite-Look or Clear Contemporary Contour Shape Chair Mats",10
Cardinal Slant-D Ring Binders,10
Fellowes Binding Cases,10
Avery 50,10
"Acco Pressboard Covers with Storage Hooks, 14 7/8\"" x 11\"", Dark Blue",10
Jabra Supreme Plus Driver Edition Headset,10
O'Sullivan Plantations 2-Door Library in Landvery Oak,10
Fluorescent Highlighters by Dixon,10
Panasonic KX-TG9541B DECT 6.0 Digital 2-Line Expandable Cordless Phone With Digital Answering System,10
Newell 332,10
"Square Credit Card Reader, 4 1/2\"" x 4 1/2\"" x 1\"", White",10
"SAFCO PlanMaster Heigh-Adjustable Drafting Table Base, 43w x 30d x 30-37h, Black",10
Bevis 44 x 96 Conference Tables,10
"DAX Copper Panel Document Frame, 5 x 7 Size",10
Xerox 1910,10
"SAFCO Commercial Wire Shelving, 72h",10
Samsung Galaxy S4,10
Okidata MB491 Multifunction Printer,10
Avery Durable Slant Ring Binders,10
AT&T CL82213,10
Wilson Jones “Snap” Scratch Pad Binder Tool for Ring Binders,10
Memorex Mini Travel Drive 8 GB USB 2.0 Flash Drive,10
"Maxell 74 Minute CD-R Spindle, 50/Pack",10
QVS USB Car Charger 2-Port 2.1Amp for iPod/iPhone/iPad/iPad 2/iPad 3,10
Eldon Fold 'N Roll Cart System,10
Kensington Orbit Wireless Mobile Trackball for PC and Mac,10
"Bevis Round Bullnose 29\"" High Table Top",10
Plymouth Boxed Rubber Bands by Plymouth,10
"OIC Binder Clips, Mini, 1/4\"" Capacity, Black",10
"Recycled Desk Saver Line \""While You Were Out\"" Book, 5 1/2\"" X 4\""",10
"Universal Recycled Hanging Pressboard Report Binders, Letter Size",10
Weyerhaeuser First Choice Laser/Copy Paper (20Lb. and 88 Bright),10
Xerox 1917,10
Xerox 2000,10
Maxell 4.7GB DVD+R 5/Pack,10
Luxo Professional Fluorescent Magnifier Lamp with Clamp-Mount Base,10
GBC Wire Binding Strips,10
Model L Table or Wall-Mount Pencil Sharpener,10
"Companion Letter/Legal File, Black",10
Advantus Motivational Note Cards,10
"DAX Metal Frame, Desktop, Stepped-Edge",10
Xerox 1947,10
Lenovo 17-Key USB Numeric Keypad,9
Xerox 206,9
Xerox 1880,9
"Green Canvas Binder for 8-1/2\"" x 14\"" Sheets",9
Fellowes 8 Outlet Superior Workstation Surge Protector,9
"Peel & Seel Recycled Catalog Envelopes, Brown",7
GBC DocuBind 200 Manual Binding Machine,6
Kensington SlimBlade Notebook Wireless Mouse with Nano Receiver ,6
ACCOHIDE Binder by Acco,6
Newell 321,6
Strathmore Photo Frame Cards,6
Hon 4060 Series Tables,6
Newell 335,6
Hon Olson Stacker Chairs,6
Newell 330,6
"Sauder Facets Collection Library, Sky Alder Finish",6
Sabrent 4-Port USB 2.0 Hub,6
"Eureka The Boss Lite 10-Amp Upright Vacuum, Blue",6
"3M Polarizing Task Lamp with Clamp Arm, Light Gray",6
LG G3,6
"Belkin 19\"" Center-Weighted Shelf, Gray",6
Xerox 1994,6
Imation Bio 8GB USB Flash Drive Imation Corp,6
Tennsco Regal Shelving Units,6
Xerox 1912,6
Xerox 1897,6
Xerox 194,6
Fellowes Super Stor/Drawer,6
"Electrix Architect's Clamp-On Swing Arm Lamp, Black",6
O'Sullivan 5-Shelf Heavy-Duty Bookcases,6
Hoover Commercial Soft Guard Upright Vacuum And Disposable Filtration Bags,6
Jackery Bar Premium Fast-charging Portable Charger,6
Avery 514,6
Xerox 232,6
"Advantus 10-Drawer Portable Organizer, Chrome Metal Frame, Smoke Drawers",6
Fellowes Desktop Hanging File Manager,6
Microsoft Natural Keyboard Elite,6
"DXL Angle-View Binders with Locking Rings, Black",6
Bush Somerset Collection Bookcase,6
Hoover Replacement Belt for Commercial Guardsman Heavy-Duty Upright Vacuum,6
Avery White Multi-Purpose Labels,6
"Black Print Carbonless 8 1/2\"" x 8 1/4\"" Rapid Memo Book",6
Sony Micro Vault Click 8 GB USB 2.0 Flash Drive,6
Macally Suction Cup Mount,6
Wilson Jones Four-Pocket Poly Binders,6
GBC VeloBinder Electric Binding Machine,6
Tenex Chairmats For Use With Carpeted Floors,6
Hon Rectangular Conference Tables,6
ShoreTel ShorePhone IP 230 VoIP phone,6
Stiletto Hand Letter Openers,6
Luxo Adjustable Task Clamp Lamp,6
Hon Valutask Swivel Chairs,6
Belkin F9S820V06 8 Outlet Surge,6
Embossed Ink Jet Note Cards,6
"Strathmore #10 Envelopes, Ultimate White",6
HTC One,6
Avery 477,6
Xerox 1981,6
Xerox 221,6
Economy #2 Pencils,6
GBC VeloBinder Strips,6
HP Office Recycled Paper (20Lb. and 87 Bright),6
Hon Pagoda Stacking Chairs,6
Berol Giant Pencil Sharpener,6
PowerGen Dual USB Car Charger,6
Blackstonian Pencils,6
"Alliance Big Bands Rubber Bands, 12/Pack",6
Avaya 5410 Digital phone,6
Harmony HEPA Quiet Air Purifiers,6
Global Adaptabilities Conference Tables,6
Xerox 1943,6
Sony 16GB Class 10 Micro SDHC R40 Memory Card,6
AT&T TR1909W,6
Bady BDG101FRU Card Printer,6
"Avery Trapezoid Extra Heavy Duty 4\"" Binders",6
"Stacking Tray, Side-Loading, Legal, Smoke",6
Anker Astro Mini 3000mAh Ultra-Compact Portable Charger,6
Balt Solid Wood Round Tables,6
Acco Expandable Hanging Binders,6
"Ampad Evidence Wirebond Steno Books, 6\"" x 9\""",6
Global Enterprise Series Seating High-Back Swivel/Tilt Chairs,6
Xerox 211,6
Cardinal Hold-It CD Pocket,6
Luxo Professional Magnifying Clamp-On Fluorescent Lamps,6
Rubber Band Ball,6
Novimex High-Tech Fabric Mesh Task Chair,6
Avery Binder Labels,6
Micropad Numeric Keypads,6
Polycom CX600 IP Phone VoIP phone,6
Quality Park Security Envelopes,6
"Important Message Pads, 50 4-1/4 x 5-1/2 Forms per Pad",6
"Ampad Poly Cover Wirebound Steno Book, 6\"" x 9\"" Assorted Colors, Gregg Ruled",6
Cisco Small Business SPA 502G VoIP phone,6
"Tenex Chairmat w/ Average Lip, 45\"" x 53\""",6
Xerox 205,6
Newell 331,6
GE DSL Phone Line Filter,6
Economy Binders,6
"Westinghouse Floor Lamp with Metal Mesh Shade, Black",6
Sony 32GB Class 10 Micro SDHC R40 Memory Card,6
Xerox 1937,6
Canon PC1080F Personal Copier,6
"Bush Cubix Conference Tables, Fully Assembled",6
Sanford 52201 APSCO Electric Pencil Sharpener,6
Apple EarPods with Remote and Mic,6
Konftel 250 Conference phone - Charcoal black,6
Mitel 5320 IP Phone VoIP phone,6
DAX Wood Document Frame.,6
Bionaire 99.97% HEPA Air Cleaner,6
Lexmark MX611dhe Monochrome Laser Printer,6
Boston 19500 Mighty Mite Electric Pencil Sharpener,6
"Rush Hierlooms Collection 1\"" Thick Stackable Bookcases",6
Blue Parrot B250XT Professional Grade Wireless Bluetooth Headset with,6
"Verbatim Slim CD and DVD Storage Cases, 50/Pack",6
Newell 327,6
Wilson Jones 14 Line Acrylic Coated Pressboard Data Binders,6
Avery 495,6
Eldon Antistatic Chair Mats for Low to Medium Pile Carpets,6
Peel & Seel Envelopes,6
Avery 516,6
Clarity 53712,6
"Eldon 200 Class Desk Accessories, Smoke",6
Disposable Triple-Filter Dust Bags,6
Logitech Z-906 Speaker sys - home theater - 5.1-CH,6
Avery 509,6
Safco Drafting Table,6
Hon 4-Shelf Metal Bookcases,6
Logitech Media Keyboard K200,6
Logitech G13 Programmable Gameboard with LCD Display,6
"Howard Miller 16\"" Diameter Gallery Wall Clock",6
Newell 336,6
3M Replacement Filter for Office Air Cleaner for 20' x 33' Room,6
Xerox 1924,6
Project Tote Personal File,6
StarTech.com 10/100 VDSL2 Ethernet Extender Kit,6
Contemporary Wood/Metal Frame,6
O'Sullivan Manor Hill 2-Door Library in Brianna Oak,6
V7 USB Numeric Keypad,6
Self-Adhesive Ring Binder Labels,6
"DAX Cubicle Frames, 8-1/2 x 11",6
"Maxell Pro 80 Minute CD-R, 10/Pack",6
Maxell 4.7GB DVD+RW 3/Pack,6
"6\"" Cubicle Wall Clock, Black",6
Anker Ultrathin Bluetooth Wireless Keyboard Aluminum Cover with Stand ,6
Hoover Commercial SteamVac,6
Acco Smartsocket Color-Coded Six-Outlet AC Adapter Model Surge Protectors,6
Xerox 1954,6
Canon PC1060 Personal Laser Copier,6
Avery Legal 4-Ring Binder,6
Xerox 1953,6
Ibico Recycled Grain-Textured Covers,6
"C-Line Peel & Stick Add-On Filing Pockets, 8-3/4 x 5-1/8, 10/Pack",6
Hoover Portapower Portable Vacuum,6
Sanyo 2.5 Cubic Foot Mid-Size Office Refrigerators,6
Apple iPhone 5C,6
"C-Line Cubicle Keepers Polyproplyene Holder w/Velcro Back, 8-1/2x11, 25/Bx",6
Xerox 1986,6
"GBC Clear Cover, 8-1/2 x 11, unpunched, 25 covers per pack",6
Trimflex Flexible Post Binders,6
Xerox 1987,6
"Safco Chair Connectors, 6/Carton",6
Xerox 1929,6
2300 Heavy-Duty Transfer File Systems by Perma,6
"Eldon \""L\"" Workstation Diamond Chairmat",6
Eldon Pizzaz Desk Accessories,6
Bretford “Just In Time” Height-Adjustable Multi-Task Work Tables,6
Acco Perma 2700 Stacking Storage Drawers,6
"While You Were Out Pads, 50 per Pad, 4 x 5 1/4, Green Cycle",6
"Black Print Carbonless Snap-Off Rapid Letter, 8 1/2\"" x 7\""",6
Cisco IP Phone 7961G-GE VoIP phone,6
"Alliance Super-Size Bands, Assorted Sizes",6
Motorola Droid Maxx,6
WD My Passport Ultra 500GB Portable External Hard Drive,6
Logitech G430 Surround Sound Gaming Headset with Dolby 7.1 Technology,6
Cardinal Poly Pocket Divider Pockets for Ring Binders,6
"#10 Gummed Flap White Envelopes, 100/Box",6
Bush Advantage Collection Round Conference Table,6
LG Electronics Tone+ HBS-730 Bluetooth Headset,6
Acme Preferred Stainless Steel Scissors,6
Avery 493,6
Acco Economy Flexible Poly Round Ring Binder,6
ClearOne Communications CHAT 70 OC Speaker Phone,6
Xerox 1935,6
Acco Side-Punched Conventional Columnar Pads,6
"Bush Andora Conference Table, Maple/Graphite Gray Finish",6
"Fiskars 8\"" Scissors, 2/Pack",6
Spiral Phone Message Books with Labels by Adams,6
Boston 16765 Mini Stand Up Battery Pencil Sharpener,6
Avery 496,6
"Conquest 14 Commercial Heavy-Duty Upright Vacuum, Collection System, Accessory Kit",6
Pencil and Crayon Sharpener,6
O'Sullivan Living Dimensions 3-Shelf Bookcases,6
"Hunt BOSTON Vista Battery-Operated Pencil Sharpener, Black",6
Xerox 19,6
Xerox 204,6
Ames Color-File Green Diamond Border X-ray Mailers,6
Avanti 1.7 Cu. Ft. Refrigerator,6
Polycom SoundStation2 EX Conference phone,6
Plantronics Audio 995 Wireless Stereo Headset,6
"Dixon My First Ticonderoga Pencil, #2",6
"Avery Flip-Chart Easel Binder, Black",6
Computer Printout Index Tabs,6
Hon 2111 Invitation Series Corner Table,6
"Manila Recycled Extra-Heavyweight Clasp Envelopes, 6\"" x 9\""",6
Microsoft Wireless Mobile Mouse 4000,6
"Holmes Replacement Filter for HEPA Air Cleaner, Medium Room",6
Panasonic KP-150 Electric Pencil Sharpener,6
Eldon 100 Class Desk Accessories,6
Jabra BIZ 2300 Duo QD Duo Corded Headset,6
Southworth 25% Cotton Linen-Finish Paper & Envelopes,6
Xerox 199,6
Xerox 228,6
3M Polarizing Light Filter Sleeves,6
"Eldon Expressions Desk Accessory, Wood Pencil Holder, Oak",6
Personal Creations Ink Jet Cards and Labels,6
ARKON Windshield Dashboard Air Vent Car Mount Holder,6
Sharp AL-1530CS Digital Copier,6
Xerox 1964,6
#10 Self-Seal White Envelopes,6
"24 Capacity Maxi Data Binder Racks, Pearl",6
"Executive Impressions 14\""",6
Jensen SMPS-640 - speaker phone,6
Fellowes Command Center 5-outlet power strip,6
"Ativa D5772 2-Line 5.8GHz Digital Expandable Corded/Cordless Phone System with Answering & Caller ID/Call Waiting, Black/Silver",6
Bevis Rectangular Conference Tables,6
Letter or Legal Size Expandable Poly String Tie Envelopes,6
"Dana Fluorescent Magnifying Lamp, White, 36\""",6
Akro-Mils 12-Gallon Tote,6
Grandstream GXP2100 Mainstream Business Phone,6
"Seth Thomas 8 1/2\"" Cubicle Clock",6
"Acco PRESSTEX Data Binder with Storage Hooks, Dark Blue, 9 1/2\"" X 11\""",6
Avery 503,6
Avery 517,6
Avery 475,6
"Array Parchment Paper, Assorted Colors",6
Hon Deluxe Fabric Upholstered Stacking Chairs,6
HTC One Mini,6
"Letter/Legal File Tote with Clear Snap-On Lid, Black Granite",6
Plantronics 81402,6
"Master Caster Door Stop, Gray",6
Polycom SoundPoint Pro SE-225 Corded phone,6
Jet-Pak Recycled Peel 'N' Seal Padded Mailers,6
#6 3/4 Gummed Flap White Envelopes,6
Eldon Cleatmat Chair Mats for Medium Pile Carpets,6
Xerox 1940,6
Acme Stainless Steel Office Snips,6
Tops White Computer Printout Paper,6
Xerox 1974,6
"Holmes Replacement Filter for HEPA Air Cleaner, Large Room",6
"Sanford Colorific Eraseable Coloring Pencils, 12 Count",6
Xerox 1965,6
Acme Softgrip Scissors,6
Recycled Steel Personal File for Standard File Folders,6
OtterBox Commuter Series Case - Samsung Galaxy S4,6
Motorla HX550 Universal Bluetooth Headset,6
Panasonic KP-4ABK Battery-Operated Pencil Sharpener,6
Speck Products Candyshell Flip Case,6
14-7/8 x 11 Blue Bar Computer Printout Paper,6
Stanley Contemporary Battery Pencil Sharpeners,6
Kensington 7 Outlet MasterPiece Power Center with Fax/Phone Line Protection,6
Logitech G500s Laser Gaming Mouse with Adjustable Weight Tuning,6
AT&T CL83451 4-Handset Telephone,6
Barrel Sharpener,6
"Holmes Cool Mist Humidifier for the Whole House with 8-Gallon Output per Day, Extended Life Filter",6
Xerox 1928,6
Tensor Brushed Steel Torchiere Floor Lamp,6
Apple iPhone 5S,6
"Black Avery Memo-Size 3-Ring Binder, 5 1/2\"" x 8 1/2\""",6
"Seth Thomas 14\"" Putty-Colored Wall Clock",6
Xerox 1920,6
Executive Impressions Supervisor Wall Clock,6
"Acco Recycled 2\"" Capacity Laser Printer Hanging Data Binders",6
"Howard Miller 11-1/2\"" Diameter Brentwood Wall Clock",6
"Deflect-o SuperTray Unbreakable Stackable Tray, Letter, Black",6
Avery 478,6
"Safco Wire Cube Shelving System, For Use as 4 or 5 14\"" Cubes, Black",6
Balt Solid Wood Rectangular Table,6
Holmes 99% HEPA Air Purifier,6
Nortel Meridian M5316 Digital phone,6
Xerox 219,6
"Super Bands, 12/Pack",6
Plastic Stacking Crates & Casters,6
Avaya 4621SW VoIP phone,5
Tensor Track Tree Floor Lamp,5
Fiskars Spring-Action Scissors,5
High Speed Automatic Electric Letter Opener,3
"Verbatim 25 GB 6x Blu-ray Single Layer Recordable Disc, 1/Pack",3
Dexim XPower Skin Super-Thin Power Case for iPhone 5 - Black,3
Xerox 1950,3
"Inter-Office Recycled Envelopes, Brown Kraft, Button-String,10\"" x 13\"" , 100/Box",3
Cisco IP Phone 7961G VoIP phone - Dark gray,3
Fellowes Recycled Storage Drawers,3
"Sanford Prismacolor Professional Thick Lead Art Pencils, 36-Color Set",3
Advantus SlideClip Paper Clips,3
DYMO CardScan Personal V9 Business Card Scanner,3
Plantronics HL10 Handset Lifter,3
Colorific Watercolor Pencils,3
"Eldon Expressions Punched Metal & Wood Desk Accessories, Pewter & Cherry",3
Eureka Sanitaire  Commercial Upright,3
Ampad #10 Peel & Seel Holiday Envelopes,3
"BlueLounge Milo Smartphone Stand, White/Metallic",3
Sony Micro Vault Click 4 GB USB 2.0 Flash Drive,3
Southworth 25% Cotton Granite Paper & Envelopes,3
"Adams Write n' Stick Phone Message Book, 11\"" X 5 1/4\"", 200 Messages",3
Xerox 1963,3
AT&T 1070 Corded Phone,3
Xerox 198,3
Rosewill 107 Normal Keys USB Wired Standard Keyboard,3
"Sauder Camden County Barrister Bookcase, Planked Cherry Finish",3
Eldon Advantage Foldable Chair Mats for Low Pile Carpets,3
"Bush Westfield Collection Bookcases, Dark Cherry Finish",3
EcoTones Memo Sheets,3
Newell 323,3
Xerox 1921,3
Wausau Papers Astrobrights Colored Envelopes,3
Laminate Occasional Tables,3
Xerox 223,3
Tripp Lite Isotel 8 Ultra 8 Outlet Metal Surge,3
Avery 491,3
Nu-Dell Oak Frame,3
Cardinal Holdit Data Disk Pockets,3
Avery 502,3
Xerox 1889,3
Southworth 100% Cotton The Best Paper,3
"Sanyo Counter Height Refrigerator with Crisper, 3.6 Cubic Foot, Stainless Steel/Black",3
"Brites Rubber Bands, 1 1/2 oz. Box",3
Boston 1730 StandUp Electric Pencil Sharpener,3
Xerox 1948,3
Artistic Insta-Plaque,3
Xerox 1982,3
DAX Clear Channel Poster Frame,3
Avaya 5420 Digital phone,3
Recycled Premium Regency Composition Covers,3
Nortel Business Series Terminal T7208 Digital phone,3
"Telephone Message Books with Fax/Mobile Section, 4 1/4\"" x 6\""",3
Seidio BD2-HK3IPH5-BK DILEX Case and Holster Combo for Apple iPhone 5/5s - Black,3
Avery 479,3
"TOPS Voice Message Log Book, Flash Format",3
KeyTronic KT800P2 - Keyboard - Black,3
Texas Instruments TI-34 Scientific Calculator,3
"Wirebound Message Books, 5-1/2 x 4 Forms, 2 or 4 Forms per Page",3
Shocksock Galaxy S4 Armband,3
GE 30522EE2,3
Hammermill CopyPlus Copy Paper (20Lb. and 84 Bright),3
KLD Oscar II Style Snap-on Ultra Thin Side Flip Synthetic Leather Cover Case for HTC One HTC M7,3
Bionaire Personal Warm Mist Humidifier/Vaporizer,3
Avery Non-Stick Heavy Duty View Round Locking Ring Binders,3
"Memo Book, 100 Message Capacity, 5 3/8” x 11”",3
"Seth Thomas 12\"" Clock w/ Goldtone Case",3
"Career Cubicle Clock, 8 1/4\"", Black",3
Xerox 1907,3
Logitech Wireless Anywhere Mouse MX for PC and Mac,3
"GE 4 Foot Flourescent Tube, 40 Watt",3
Sauder Cornerstone Collection Library,3
BoxOffice By Design Rectangular and Half-Moon Meeting Room Tables,3
Hand-Finished Solid Wood Document Frame,3
Fellowes Powershred HS-440 4-Sheet High Security Shredder,3
Logitech M510 Wireless Mouse,3
"Binney & Smith inkTank Erasable Desk Highlighter, Chisel Tip, Yellow, 12/Box",3
Tops Green Bar Computer Printout Paper,3
Newell 313,3
Newell 328,3
Nu-Dell Leatherette Frames,3
Newell 339,3
"TOPS 4 x 6 Fluorescent Color Memo Sheets, 500 Sheets per Pack",3
"Wirebound Message Books, 2 7/8\"" x 5\"", 3 Forms per Page",3
Avery 506,3
"Boston Model 1800 Electric Pencil Sharpener, Gray",3
12 Colored Short Pencils,3
Honeywell Enviracaire Portable HEPA Air Cleaner for up to 10 x 16 Room,3
GE 2-Jack Phone Line Splitter,3
Acme Rosewood Handle Letter Opener,3
Maxell DVD-RAM Discs,3
Smead Adjustable Mobile File Trolley with Lockable Top,3
Zebra GX420t Direct Thermal/Thermal Transfer Printer,3
Acme Design Stainless Steel Bent Scissors,3
Ricoh - Ink Collector Unit for GX3000 Series Printers,3
Panasonic KP-350BK Electric Pencil Sharpener with Auto Stop,3
"Hon 30\"" x 60\"" Table with Locking Drawer",3
"Sauder Mission Library with Doors, Fruitwood Finish",3
Things To Do Today Spiral Book,3
"Sanford Uni-Blazer View Highlighters, Chisel Tip, Yellow",3
LG Exalt,3
"Dixon Ticonderoga Maple Cedar Pencil, #2",3
"Acme Design Line 8\"" Stainless Steel Bent Scissors w/Champagne Handles, 3-1/8\"" Cut",3
Cubify CubeX 3D Printer Double Head Print,3
Clearsounds A400,3
Sauder Barrister Bookcases,3
Euro Pro Shark Stick Mini Vacuum,3
Xerox 229,3
Maxell CD-R Discs,3
Hoover WindTunnel Plus Canister Vacuum,3
"Bush Cubix Collection Bookcases, Fully Assembled",3
"Iris 3-Drawer Stacking Bin, Black",3
Sanford Pocket Accent Highlighters,3
Xerox 1946,3
"Acco Smartsocket Table Surge Protector, 6 Color-Coded Adapter Outlets",3
"Perixx PERIBOARD-512B, Ergonomic Split Keyboard",3
"Pressboard Data Binder, Crimson, 12\"" X 8 1/2\""",3
Avery 510,3
"SmartStand Mobile Device Holder, Assorted Colors",3
Imation Bio 2GB USB Flash Drive Imation Corp,3
Jabra SPEAK 410 Multidevice Speakerphone,3
"Mead 1st Gear 2\"" Zipper Binder, Asst. Colors",3
Space Solutions Industrial Galvanized Steel Shelving.,3
Xerox 197,3
"Tensor \""Hersey Kiss\"" Styled Floor Lamp",3
"GE General Use Halogen Bulbs, 100 Watts, 1 Bulb per Pack",3
Newell 33,3
Translucent Push Pins by OIC,3
Ibico EPK-21 Electric Binding System,3
Xerox 193,3
Panasonic KX - TS880B Telephone,3
Bush Mission Pointe Library,3
AT&T SB67148 SynJ,3
"SKILCRAFT Telephone Shoulder Rest, 2\"" x 6.5\"" x 2.5\"", Black",3
"Sauder Forest Hills Library with Doors, Woodland Oak Finish",3
Lunatik TT5L-002 Taktik Strike Impact Protection System for iPhone 5,3
Belkin Grip Candy Sheer Case / Cover for iPhone 5 and 5S,3
"Bevis Traditional Conference Table Top, Plinth Base",3
"Sanford EarthWrite Recycled Pencils, Medium Soft, #2",3
Imation 8GB Mini TravelDrive USB 2.0 Flash Drive,3
Turquoise Lead Holder with Pocket Clip,3
Fashion Color Clasp Envelopes,3
Kingston Digital DataTraveler 8GB USB 2.0,3
"Tenex V2T-RE Standard Weight Series Chair Mat, 45\"" x 53\"", Lip 25\"" x 12\""",3
Boston 1799 Powerhouse Electric Pencil Sharpener,3
"Eldon Regeneration Recycled Desk Accessories, Black",3
Honeywell Enviracaire Portable HEPA Air Cleaner for 16' x 20' Room,3
"Tyvek  Top-Opening Peel & Seel  Envelopes, Gray",3
SANFORD Liquid Accent Tank-Style Highlighters,3
Canon PC940 Copier,3
AT&T 1080 Phone,3
Deflect-O Glasstique Clear Desk Accessories,3
Global Deluxe High-Back Office Chair in Storm,3
Jawbone JAMBOX Wireless Bluetooth Speaker,3
Xerox 1936,3
File Shuttle I and Handi-File,3
Logitech Wireless Touch Keyboard K400,3
Storex Flexible Poly Binders with Double Pockets,3
"Eldon Imàge Series Desk Accessories, Clear",3
Array Memo Cubes,3
"Master Caster Door Stop, Large Brown",3
Imation USB 2.0 Swivel Flash Drive USB flash drive - 4 GB - Pink,3
Avery Personal Creations Heavyweight Cards,3
Logitech Keyboard K120,3
Avery 48,3
Acme Galleria Hot Forged Steel Scissors with Colored Handles,3
Belkin F9M820V08 8 Outlet Surge,3
Dixon Ticonderoga Pencils,3
"Ink Jet Note and Greeting Cards, 8-1/2\"" x 5-1/2\"" Card Size",3
Hon Every-Day Chair Series Swivel Task Chairs,3
Nokia Lumia 925,3
Bulldog Table or Wall-Mount Pencil Sharpener,3
"\""While you Were Out\"" Message Book, One Form per Page",3
Cisco SPA112 2 Port Phone Adapter,3
Fellowes Advanced 8 Outlet Surge Suppressor with Phone/Fax Protection,3
Samsung Galaxy Note 3,3
"HP Designjet T520 Inkjet Large Format Printer - 24\"" Color",3
Petty Cash Envelope,3
Design Ebony Sketching Pencil,3
Griffin GC36547 PowerJolt SE Lightning Charger,3
Newell 307,3
Riverside Furniture Stanwyck Manor Table Series,3
Avery 498,3
OIC Thumb-Tacks,3
Panasonic KX TS3282B Corded phone,3
Gear Head AU3700S Headset,3
"Geographics Note Cards, Blank, White, 8 1/2\"" x 11\""",3
"Deflect-o EconoMat Nonstudded, No Bevel Mat",3
Acme Kleencut Forged Steel Scissors,3
Hoover Commercial Lightweight Upright Vacuum with E-Z Empty Dirt Cup,3
Xerox 1979,3
Pastel Pink Envelopes,3
SanDisk Cruzer 16 GB USB Flash Drive,3
KeyTronic KT400U2 - Keyboard - Black,3
Fiskars Home & Office Scissors,3
"Safco Value Mate Steel Bookcase, Baked Enamel Finish on Steel, Black",3
Newell 349,3
SAFCO Folding Chair Trolley,3
Memorex Micro Travel Drive 4 GB,3
"Master Giant Foot Doorstop, Safety Yellow",3
"TOPS \""Important Message\"" Pads, Canary, 4-1/4 x 5-1/2, 50 Sheets per Pad",3
"Binney & Smith inkTank Erasable Pocket Highlighter, Chisel Tip, Yellow",3
Wilson Jones Suede Grain Vinyl Binders,3
Xerox 1902,1
Xerox 1983,1
Kleencut Forged Office Shears by Acme United Corporation,1
Okidata B400 Printer,1
"Quartet Alpha White Chalk, 12/Pack",1
Motorola Moto X,1
Xerox 190,1
Texas Instrument TI-15 Fraction Calculator,1
"3D Systems Cube Printer, 2nd Generation, White",1
"Dixon Ticonderoga Core-Lock Colored Pencils, 48-Color Set",1
"Hon Deluxe Fabric Upholstered Stacking Chairs, Squared Back",1
"Ultra Door Kickplate, 8\""H x 34\""W",1
Hammermill Color Copier Paper (28Lb. and 96 Bright),1
Xerox 1955,1
SanDisk Cruzer 4 GB USB Flash Drive,1
Anker 24W Portable Micro USB Car Charger,1
Avery 500,1
Xerox 1985,1
Hoover Commercial Lightweight Upright Vacuum,1
Newell 329,1
"Message Book, Standard Line \""While You Were Out\"", 5 1/2\"" X 4\"", 200 Sets/Book",1
"Boston 1827 Commercial Additional Cutter, Drive Gear & Gear Rack for 1606",1
Newell 308,1
Lexmark MarkNet N8150 Wireless Print Server,1
Avery Hi-Liter Fluorescent Desk Style Markers,1
"Eldon 300 Class Desk Accessories, Black",1
First Data TMFD35 PIN Pad,1
"#10-4 1/8\"" x 9 1/2\"" Premium Diagonal Seam Envelopes",1
Xerox 1990,1
Ativa V4110MDD Micro-Cut Shredder,1
Letter Size File,1
O'Sullivan Cherrywood Estates Traditional Bookcase,1
Sauder Camden County Collection Library,1
Zebra ZM400 Thermal Label Printer,1
Micro Innovations Wireless Classic Keyboard with Mouse,1
Honeywell Enviracaire Portable Air Cleaner for up to 8 x 10 Room,1
Belkin OmniView SE Rackmount Kit,1
Howard Miller 12-3/4 Diameter Accuwave DS  Wall Clock,1
"Office Star - Contemporary Task Swivel chair with 2-way adjustable arms, Plum",1
Xerox 1980,1
"Westinghouse Mesh Shade Clip-On Gooseneck Lamp, Black",1
"Recycled Interoffice Envelopes with Re-Use-A-Seal Closure, 10 x 13",1
Panasonic KX MC6040 Color Laser Multifunction Printer,1
Lexmark S315 Color Inkjet Printer,1
Panasonic KP-310 Heavy-Duty Electric Pencil Sharpener,1
Xerox 1896,1
Xerox 1890,1
Ativa MDM8000 8-Sheet Micro-Cut Shredder,1
"Executive Impressions 8-1/2\"" Career Panel/Partition Cubicle Clock",1
Loose Memo Sheets,1
Letter Slitter,1
"Binney & Smith Crayola Metallic Crayons, 16-Color Pack",1
Lexmark 20R1285 X6650 Wireless All-in-One Printer,1
Office Star - Ergonomic Mid Back Chair with 2-Way Adjustable Arms,1
Durable Pressboard Binders,1
Anderson Hickey Conga Table Tops & Accessories,1
Xerox 1973,1
Acco 6 Outlet Guardian Basic Surge Suppressor,1
O'Sullivan Cherrywood Estates Traditional Barrister Bookcase,1
Sannysis Cute Owl Design Soft Skin Case Cover for Samsung Galaxy S4,1
Eldon Executive Woodline II Cherry Finish Desk Accessories,1
Boston 16701 Slimline Battery Pencil Sharpener,1
OtterBox Defender Series Case - iPhone 5c,1
Classic Ivory Antique Telephone ZL1810,1
Eldon Expressions Mahogany Wood Desk Collection,1
HP Office Paper (20Lb. and 87 Bright),1
Xerox 1892,1
3M Office Air Cleaner,1
"Electrix Incandescent Magnifying Lamp, Black",1
"Tenex Traditional Chairmats for Hard Floors, Average Lip, 36\"" x 48\""",1
Rediform Voice Mail Log Books,1
Acme Serrated Blade Letter Opener,1
Wilson Jones Hanging Recycled Pressboard Data Binders,1
White GlueTop Scratch Pads,1
Stockwell Gold Paper Clips,1
Nu-Dell EZ-Mount Plastic Wall Frames,1
Eldon Econocleat Chair Mats for Low Pile Carpets,1
"Wirebound Message Forms, Four 2 3/4 x 5 Forms per Page, Pink Paper",1
Samsung Galaxy S4 Active,1
Hewlett-Packard 300S Scientific Calculator,1
Cisco 9971 IP Video Phone Charcoal,1
"Sauder Facets Collection Locker/File Cabinet, Sky Alder Finish",1
"Hon Metal Bookcases, Gray",1
Wirebound Voice Message Log Book,1
"Dixon Ticonderoga Erasable Colored Pencil Set, 12-Color",1
Avery 515,1
Xerox 207,1
Wilson Jones DublLock D-Ring Binders,1
Contemporary Borderless Frame,1
Document Clip Frames,1
"Logitech Wireless Boombox Speaker - portable - wireless, wired",1
"Executive Impressions 14\"" Contract Wall Clock with Quartz Movement",1
"Executive Impressions 13-1/2\"" Indoor/Outdoor Wall Clock",1
Okidata MB760 Printer,1
Belkin QODE FastFit Bluetooth Keyboard,1
Avery 507,1
Sterling Rubber Bands by Alliance,1
Newell 340,1
Belkin iPhone and iPad Lightning Cable,1
Dell Slim USB Multimedia Keyboard,1
Xblue XB-1670-86 X16 Small Office Telephone - Titanium,1
Xerox 208,1
Hewlett-Packard Deskjet 6540 Color Inkjet Printer,1
"Sanford Colorific Scented Colored Pencils, 12/Pack",1
"Epson WorkForce WF-2530 All-in-One Printer, Copier Scanner",1
Kingston Digital DataTraveler 64GB USB 2.0,1
Xerox 1958,1
Microsoft Arc Touch Mouse,1
Serrated Blade or Curved Handle Hand Letter Openers,1
Portfile Personal File Boxes,1
Samsung Convoy 3,1
Canon PC170 Desktop Personal Copier,1
Xerox 215,1
Alliance Rubber Bands,1
Global Italian Leather Office Chair,1
Canon Image Class D660 Copier,1
KeyTronic 6101 Series - Keyboard - Black,1
"1/4 Fold Party Design Invitations & White Envelopes, 24 8-1/2\"" X 11\"" Cards, 25 Env./Pack",1
"Post-it “Important Message” Note Pad, Neon Colors, 50 Sheets/Pad",1
Epson TM-T88V Direct Thermal Printer - Monochrome - Desktop,1
Electrix Fluorescent Magnifier Lamps & Weighted Base,1
Avery 497,1
"Howard Miller 12\"" Round Wall Clock",1
Fellowes Presentation Covers for Comb Binding Machines,1
Newell 338,1
Unpadded Memo Slips,1
Avery 482,1
Newell 337,1
"Holmes Visible Mist Ultrasonic Humidifier with 2.3-Gallon Output per Day, Replacement Filter",1
Kensington 6 Outlet SmartSocket Surge Protector,1
Star Micronics TSP800 TSP847IIU Receipt Printer,1
Boston 16750 Black Compact Battery Pencil Sharpener,1
Xerox 1976,1
Bevis Round Conference Room Tables and Bases,1
"TOPS Money Receipt Book, Consecutively Numbered in Red,",1
Office Star - Task Chair with Contemporary Loop Arms,1
Cisco CP-7937G Unified IP Conference Station Phone,1
Xerox 1998,1
Xerox 1956,1
"Avery Hi-Liter GlideStik Fluorescent Highlighter, Yellow Ink",1
"Global Adaptabilites Bookcase, Cherry/Storm Gray Finish",1
Belkin 8-Outlet Premiere SurgeMaster II Surge Protectors,1
Southworth Structures Collection,1
Memorex Mini Travel Drive 32 GB USB 2.0 Flash Drive,1
Maxell iVDR EX 500GB Cartridge,1
Self-Adhesive Address Labels for Typewriters with Dispenser Box,1
Logitech Wireless Headset H600 Over-The-Head Design,1
Fellowes Econo/Stor Drawers,1
"HP Officejet Pro 8600 e-All-In-One Printer, Copier, Scanner, Fax",1
Col-Erase Pencils with Erasers,1
"Executive Impressions 16-1/2\"" Circular Wall Clock",1
"3D Systems Cube Printer, 2nd Generation, Magenta",1
GBC Therma-A-Bind 250T Electric Binding System,1
RCA ViSYS 25825 Wireless digital phone,1
Color-Coded Legal Exhibit Labels,1
Kensington 6 Outlet MasterPiece HOMEOFFICE Power Control Center,1
"Atlantic Metals Mobile 2-Shelf Bookcases, Custom Colors",1
Desktop 3-Pocket Hot File,1
"Avery 05222 Permanent Self-Adhesive File Folder Labels for Typewriters, on Rolls, White, 250/Roll",1
Rush Hierlooms Collection Rich Wood Bookcases,1
iOttie XL Car Mount,1
Imation Swivel Flash Drive USB flash drive - 8 GB,1
Newell 316,1